#
# There is insufficient memory for the Java Runtime Environment to continue.
# Native memory allocation (mmap) failed to map 143654912 bytes. Error detail: G1 virtual space
# Possible reasons:
#   The system is out of physical RAM or swap space
#   This process is running with CompressedOops enabled, and the Java Heap may be blocking the growth of the native heap
# Possible solutions:
#   Reduce memory load on the system
#   Increase physical memory or swap space
#   Check if swap backing store is full
#   Decrease Java heap size (-Xmx/-Xms)
#   Decrease number of Java threads
#   Decrease Java thread stack sizes (-Xss)
#   Set larger code cache with -XX:ReservedCodeCacheSize=
#   JVM is running with Unscaled Compressed Oops mode in which the Java heap is
#     placed in the first 4GB address space. The Java Heap base address is the
#     maximum limit for the native heap growth. Please use -XX:HeapBaseMinAddress
#     to set the Java Heap base and to place the Java Heap above 4GB virtual address.
# This output file may be truncated or incomplete.
#
#  Out of Memory Error (os_windows.cpp:3714), pid=8864, tid=16964
#
# JRE version: OpenJDK Runtime Environment Temurin-21.0.10+7 (21.0.10+7) (build 21.0.10+7-LTS)
# Java VM: OpenJDK 64-Bit Server VM Temurin-21.0.10+7 (21.0.10+7-LTS, mixed mode, tiered, compressed oops, compressed class ptrs, g1 gc, windows-amd64)
# No core dump will be written. Minidumps are not enabled by default on client versions of Windows
#

---------------  S U M M A R Y ------------

Command Line: -Xms64m -Xmx2048m -Dapp.name=ltex-ls-plus -Dapp.repo=c:\Users\nhiph\.vscode\extensions\ltex-plus.vscode-ltex-plus-15.7.1\lib\ltex-ls-plus-18.7.0\lib -Dapp.home=c:\Users\nhiph\.vscode\extensions\ltex-plus.vscode-ltex-plus-15.7.1\lib\ltex-ls-plus-18.7.0 -Dbasedir=c:\Users\nhiph\.vscode\extensions\ltex-plus.vscode-ltex-plus-15.7.1\lib\ltex-ls-plus-18.7.0 org.bsplines.ltexls.LtexLanguageServerLauncher

Host: 12th Gen Intel(R) Core(TM) i3-1215U, 8 cores, 7G,  Windows 11 , 64 bit Build 26100 (10.0.26100.8737)
Time: Tue Sep 15 09:31:54 2026 SE Asia Standard Time elapsed time: 8.863829 seconds (0d 0h 0m 8s)

---------------  T H R E A D  ---------------

Current thread (0x000001fd7cfca990):  VMThread "VM Thread"          [id=16964, stack(0x000000ee33b00000,0x000000ee33c00000) (1024K)]

Stack: [0x000000ee33b00000,0x000000ee33c00000]
Native frames: (J=compiled Java code, j=interpreted, Vv=VM code, C=native code)
V  [jvm.dll+0x6d7a39]
V  [jvm.dll+0x8b4b26]
V  [jvm.dll+0x8b70de]
V  [jvm.dll+0x8b77c3]
V  [jvm.dll+0x284346]
V  [jvm.dll+0x6d4355]
V  [jvm.dll+0x6c808a]
V  [jvm.dll+0x35edb8]
V  [jvm.dll+0x3669f6]
V  [jvm.dll+0x3b7afe]
V  [jvm.dll+0x3b7da8]
V  [jvm.dll+0x332fbc]
V  [jvm.dll+0x333047]
V  [jvm.dll+0x376e1c]
V  [jvm.dll+0x3755be]
V  [jvm.dll+0x332701]
V  [jvm.dll+0x374fe8]
V  [jvm.dll+0x8bd4b0]
V  [jvm.dll+0x8be824]
V  [jvm.dll+0x8bed50]
V  [jvm.dll+0x8beff3]
V  [jvm.dll+0x85f59d]
V  [jvm.dll+0x6d626d]
C  [ucrtbase.dll+0x2cd30]
C  [KERNEL32.DLL+0x2e957]
C  [ntdll.dll+0xaad6c]

VM_Operation (0x000000ee334fc7b0): G1TryInitiateConcMark, mode: safepoint, requested by thread 0x000001fd731f5f10


---------------  P R O C E S S  ---------------

Threads class SMR info:
_java_thread_list=0x000001fd7e3dad60, length=13, elements={
0x000001fd731f5f10, 0x000001fd7d5a9480, 0x000001fd7d5ab020, 0x000001fd7d5b4400,
0x000001fd7d589a70, 0x000001fd7d58a4d0, 0x000001fd7d58af30, 0x000001fd7d58dcd0,
0x000001fd7d5c4fa0, 0x000001fd7d75aaf0, 0x000001fd7d767f40, 0x000001fd7dafd2c0,
0x000001fd7dafa9e0
}

Java Threads: ( => current thread )
  0x000001fd731f5f10 JavaThread "main"                              [_thread_blocked, id=3044, stack(0x000000ee33400000,0x000000ee33500000) (1024K)]
  0x000001fd7d5a9480 JavaThread "Reference Handler"          daemon [_thread_blocked, id=7896, stack(0x000000ee33c00000,0x000000ee33d00000) (1024K)]
  0x000001fd7d5ab020 JavaThread "Finalizer"                  daemon [_thread_blocked, id=10244, stack(0x000000ee33d00000,0x000000ee33e00000) (1024K)]
  0x000001fd7d5b4400 JavaThread "Signal Dispatcher"          daemon [_thread_blocked, id=20152, stack(0x000000ee33e00000,0x000000ee33f00000) (1024K)]
  0x000001fd7d589a70 JavaThread "Attach Listener"            daemon [_thread_blocked, id=19996, stack(0x000000ee33f00000,0x000000ee34000000) (1024K)]
  0x000001fd7d58a4d0 JavaThread "Service Thread"             daemon [_thread_blocked, id=2480, stack(0x000000ee34000000,0x000000ee34100000) (1024K)]
  0x000001fd7d58af30 JavaThread "Monitor Deflation Thread"   daemon [_thread_blocked, id=18068, stack(0x000000ee34100000,0x000000ee34200000) (1024K)]
  0x000001fd7d58dcd0 JavaThread "C2 CompilerThread0"         daemon [_thread_blocked, id=9516, stack(0x000000ee34200000,0x000000ee34300000) (1024K)]
  0x000001fd7d5c4fa0 JavaThread "C1 CompilerThread0"         daemon [_thread_blocked, id=12440, stack(0x000000ee34300000,0x000000ee34400000) (1024K)]
  0x000001fd7d75aaf0 JavaThread "Notification Thread"        daemon [_thread_blocked, id=19192, stack(0x000000ee34400000,0x000000ee34500000) (1024K)]
  0x000001fd7d767f40 JavaThread "Common-Cleaner"             daemon [_thread_blocked, id=17860, stack(0x000000ee34500000,0x000000ee34600000) (1024K)]
  0x000001fd7dafd2c0 JavaThread "C2 CompilerThread1"         daemon [_thread_blocked, id=8340, stack(0x000000ee34600000,0x000000ee34700000) (1024K)]
  0x000001fd7dafa9e0 JavaThread "C2 CompilerThread2"         daemon [_thread_blocked, id=9720, stack(0x000000ee34700000,0x000000ee34800000) (1024K)]
Total: 13

Other Threads:
=>0x000001fd7cfca990 VMThread "VM Thread"                           [id=16964, stack(0x000000ee33b00000,0x000000ee33c00000) (1024K)]
  0x000001fd7cf520d0 WatcherThread "VM Periodic Task Thread"        [id=11124, stack(0x000000ee33a00000,0x000000ee33b00000) (1024K)]
  0x000001fd755dfa20 WorkerThread "GC Thread#0"                     [id=1308, stack(0x000000ee33500000,0x000000ee33600000) (1024K)]
  0x000001fd7e6ed560 WorkerThread "GC Thread#1"                     [id=4552, stack(0x000000ee34800000,0x000000ee34900000) (1024K)]
  0x000001fd7e588b50 WorkerThread "GC Thread#2"                     [id=10324, stack(0x000000ee34900000,0x000000ee34a00000) (1024K)]
  0x000001fd7e6d1930 WorkerThread "GC Thread#3"                     [id=19652, stack(0x000000ee34a00000,0x000000ee34b00000) (1024K)]
  0x000001fd7e6d1ce0 WorkerThread "GC Thread#4"                     [id=5572, stack(0x000000ee34b00000,0x000000ee34c00000) (1024K)]
  0x000001fd7e5a0fa0 WorkerThread "GC Thread#5"                     [id=3144, stack(0x000000ee34c00000,0x000000ee34d00000) (1024K)]
  0x000001fd7eebd150 WorkerThread "GC Thread#6"                     [id=1168, stack(0x000000ee34d00000,0x000000ee34e00000) (1024K)]
  0x000001fd7eebd500 WorkerThread "GC Thread#7"                     [id=11560, stack(0x000000ee34e00000,0x000000ee34f00000) (1024K)]
  0x000001fd755f16a0 ConcurrentGCThread "G1 Main Marker"            [id=17608, stack(0x000000ee33600000,0x000000ee33700000) (1024K)]
  0x000001fd755f1fc0 WorkerThread "G1 Conc#0"                       [id=19752, stack(0x000000ee33700000,0x000000ee33800000) (1024K)]
  0x000001fd7e06bcf0 WorkerThread "G1 Conc#1"                       [id=18324, stack(0x000000ee34f00000,0x000000ee35000000) (1024K)]
  0x000001fd7ce23fe0 ConcurrentGCThread "G1 Refine#0"               [id=11872, stack(0x000000ee33800000,0x000000ee33900000) (1024K)]
  0x000001fd7ce24810 ConcurrentGCThread "G1 Service"                [id=18848, stack(0x000000ee33900000,0x000000ee33a00000) (1024K)]
Total: 15

Threads with active compile tasks:
C2 CompilerThread0  8898 3654       4       java.util.ArrayList::addAll (76 bytes)
C2 CompilerThread1  8898 3650 %s    4       org.languagetool.rules.spelling.SpellingCheckRule::init @ 17 (314 bytes)
C2 CompilerThread2  8898 3644       4       java.util.regex.Pattern::single (82 bytes)
Total: 3

VM state: at safepoint (normal execution)

VM Mutex/Monitor currently owned by a thread:  ([mutex/lock_event])
[0x00007fff1bdee560] Threads_lock - owner thread: 0x000001fd7cfca990
[0x00007fff1bdee660] Heap_lock - owner thread: 0x000001fd731f5f10

Heap address: 0x0000000080000000, size: 2048 MB, Compressed Oops mode: 32-bit

CDS archive(s) not mapped
Compressed class space mapped at: 0x0000000100000000-0x0000000140000000, reserved size: 1073741824
Narrow klass base: 0x0000000000000000, Narrow klass shift: 3, Narrow klass range: 0x140000000

GC Precious Log:
 CardTable entry size: 512
 Card Set container configuration: InlinePtr #cards 5 size 8 Array Of Cards #cards 12 size 40 Howl #buckets 4 coarsen threshold 1843 Howl Bitmap #cards 512 size 80 coarsen threshold 460 Card regions per heap region 1 cards per card region 2048
 CPUs: 8 total, 8 available
 Memory: 7886M
 Large Page Support: Disabled
 NUMA Support: Disabled
 Compressed Oops: Enabled (32-bit)
 Heap Region Size: 1M
 Heap Min Capacity: 64M
 Heap Initial Capacity: 64M
 Heap Max Capacity: 2G
 Pre-touch: Disabled
 Parallel Workers: 8
 Concurrent Workers: 2
 Concurrent Refinement Workers: 8
 Periodic GC: Disabled

Heap:
 garbage-first heap   total 290816K, used 158208K [0x0000000080000000, 0x0000000100000000)
  region size 1024K, 2 young (2048K), 2 survivors (2048K)
 Metaspace       used 25130K, committed 25408K, reserved 1114112K
  class space    used 2527K, committed 2688K, reserved 1048576K

Heap Regions: E=young(eden), S=young(survivor), O=old, HS=humongous(starts), HC=humongous(continues), CS=collection set, F=free, TAMS=top-at-mark-start, PB=parsable bottom
|   0|0x0000000080000000, 0x0000000080100000, 0x0000000080100000|100%| O|  |TAMS 0x0000000080100000| PB 0x0000000080000000| Untracked 
|   1|0x0000000080100000, 0x0000000080200000, 0x0000000080200000|100%| O|  |TAMS 0x0000000080200000| PB 0x0000000080100000| Untracked 
|   2|0x0000000080200000, 0x0000000080300000, 0x0000000080300000|100%| O|  |TAMS 0x0000000080300000| PB 0x0000000080200000| Untracked 
|   3|0x0000000080300000, 0x0000000080400000, 0x0000000080400000|100%| O|  |TAMS 0x0000000080400000| PB 0x0000000080300000| Untracked 
|   4|0x0000000080400000, 0x0000000080500000, 0x0000000080500000|100%| O|  |TAMS 0x0000000080500000| PB 0x0000000080400000| Untracked 
|   5|0x0000000080500000, 0x0000000080600000, 0x0000000080600000|100%| O|  |TAMS 0x0000000080600000| PB 0x0000000080500000| Untracked 
|   6|0x0000000080600000, 0x0000000080700000, 0x0000000080700000|100%| O|  |TAMS 0x0000000080700000| PB 0x0000000080600000| Untracked 
|   7|0x0000000080700000, 0x0000000080800000, 0x0000000080800000|100%| O|  |TAMS 0x0000000080800000| PB 0x0000000080700000| Untracked 
|   8|0x0000000080800000, 0x0000000080900000, 0x0000000080900000|100%|HS|  |TAMS 0x0000000080900000| PB 0x0000000080800000| Complete 
|   9|0x0000000080900000, 0x0000000080a00000, 0x0000000080a00000|100%| O|  |TAMS 0x0000000080a00000| PB 0x0000000080900000| Untracked 
|  10|0x0000000080a00000, 0x0000000080b00000, 0x0000000080b00000|100%| O|  |TAMS 0x0000000080b00000| PB 0x0000000080a00000| Untracked 
|  11|0x0000000080b00000, 0x0000000080c00000, 0x0000000080c00000|100%| O|  |TAMS 0x0000000080c00000| PB 0x0000000080b00000| Untracked 
|  12|0x0000000080c00000, 0x0000000080d00000, 0x0000000080d00000|100%| O|  |TAMS 0x0000000080d00000| PB 0x0000000080c00000| Untracked 
|  13|0x0000000080d00000, 0x0000000080e00000, 0x0000000080e00000|100%| O|  |TAMS 0x0000000080e00000| PB 0x0000000080d00000| Untracked 
|  14|0x0000000080e00000, 0x0000000080f00000, 0x0000000080f00000|100%| O|  |TAMS 0x0000000080f00000| PB 0x0000000080e00000| Untracked 
|  15|0x0000000080f00000, 0x0000000081000000, 0x0000000081000000|100%| O|  |TAMS 0x0000000081000000| PB 0x0000000080f00000| Untracked 
|  16|0x0000000081000000, 0x0000000081100000, 0x0000000081100000|100%| O|  |TAMS 0x0000000081100000| PB 0x0000000081000000| Untracked 
|  17|0x0000000081100000, 0x0000000081200000, 0x0000000081200000|100%| O|  |TAMS 0x0000000081200000| PB 0x0000000081100000| Untracked 
|  18|0x0000000081200000, 0x0000000081300000, 0x0000000081300000|100%| O|  |TAMS 0x0000000081300000| PB 0x0000000081200000| Untracked 
|  19|0x0000000081300000, 0x0000000081400000, 0x0000000081400000|100%| O|  |TAMS 0x0000000081400000| PB 0x0000000081300000| Untracked 
|  20|0x0000000081400000, 0x0000000081500000, 0x0000000081500000|100%| O|  |TAMS 0x0000000081500000| PB 0x0000000081400000| Untracked 
|  21|0x0000000081500000, 0x0000000081600000, 0x0000000081600000|100%| O|  |TAMS 0x0000000081600000| PB 0x0000000081500000| Untracked 
|  22|0x0000000081600000, 0x0000000081700000, 0x0000000081700000|100%| O|  |TAMS 0x0000000081700000| PB 0x0000000081600000| Untracked 
|  23|0x0000000081700000, 0x0000000081800000, 0x0000000081800000|100%| O|  |TAMS 0x0000000081800000| PB 0x0000000081700000| Untracked 
|  24|0x0000000081800000, 0x0000000081900000, 0x0000000081900000|100%|HS|  |TAMS 0x0000000081900000| PB 0x0000000081800000| Complete 
|  25|0x0000000081900000, 0x0000000081a00000, 0x0000000081a00000|100%| O|  |TAMS 0x0000000081a00000| PB 0x0000000081900000| Untracked 
|  26|0x0000000081a00000, 0x0000000081b00000, 0x0000000081b00000|100%| O|  |TAMS 0x0000000081b00000| PB 0x0000000081a00000| Untracked 
|  27|0x0000000081b00000, 0x0000000081c00000, 0x0000000081c00000|100%| O|  |TAMS 0x0000000081c00000| PB 0x0000000081b00000| Untracked 
|  28|0x0000000081c00000, 0x0000000081d00000, 0x0000000081d00000|100%| O|  |TAMS 0x0000000081d00000| PB 0x0000000081c00000| Untracked 
|  29|0x0000000081d00000, 0x0000000081e00000, 0x0000000081e00000|100%| O|  |TAMS 0x0000000081e00000| PB 0x0000000081d00000| Untracked 
|  30|0x0000000081e00000, 0x0000000081f00000, 0x0000000081f00000|100%| O|  |TAMS 0x0000000081f00000| PB 0x0000000081e00000| Untracked 
|  31|0x0000000081f00000, 0x0000000082000000, 0x0000000082000000|100%| O|  |TAMS 0x0000000082000000| PB 0x0000000081f00000| Untracked 
|  32|0x0000000082000000, 0x0000000082100000, 0x0000000082100000|100%| O|  |TAMS 0x0000000082100000| PB 0x0000000082000000| Untracked 
|  33|0x0000000082100000, 0x0000000082200000, 0x0000000082200000|100%| O|  |TAMS 0x0000000082200000| PB 0x0000000082100000| Untracked 
|  34|0x0000000082200000, 0x0000000082300000, 0x0000000082300000|100%|HS|  |TAMS 0x0000000082300000| PB 0x0000000082200000| Complete 
|  35|0x0000000082300000, 0x0000000082400000, 0x0000000082400000|100%| O|  |TAMS 0x0000000082400000| PB 0x0000000082300000| Untracked 
|  36|0x0000000082400000, 0x0000000082500000, 0x0000000082500000|100%| O|  |TAMS 0x0000000082500000| PB 0x0000000082400000| Untracked 
|  37|0x0000000082500000, 0x0000000082600000, 0x0000000082600000|100%| O|  |TAMS 0x0000000082600000| PB 0x0000000082500000| Untracked 
|  38|0x0000000082600000, 0x0000000082700000, 0x0000000082700000|100%| O|  |TAMS 0x0000000082700000| PB 0x0000000082600000| Untracked 
|  39|0x0000000082700000, 0x0000000082800000, 0x0000000082800000|100%| O|  |TAMS 0x0000000082800000| PB 0x0000000082700000| Untracked 
|  40|0x0000000082800000, 0x0000000082900000, 0x0000000082900000|100%| O|  |TAMS 0x0000000082900000| PB 0x0000000082800000| Untracked 
|  41|0x0000000082900000, 0x0000000082a00000, 0x0000000082a00000|100%| O|  |TAMS 0x0000000082a00000| PB 0x0000000082900000| Untracked 
|  42|0x0000000082a00000, 0x0000000082b00000, 0x0000000082b00000|100%| O|  |TAMS 0x0000000082b00000| PB 0x0000000082a00000| Untracked 
|  43|0x0000000082b00000, 0x0000000082c00000, 0x0000000082c00000|100%| O|  |TAMS 0x0000000082c00000| PB 0x0000000082b00000| Untracked 
|  44|0x0000000082c00000, 0x0000000082d00000, 0x0000000082d00000|100%| O|  |TAMS 0x0000000082d00000| PB 0x0000000082c00000| Untracked 
|  45|0x0000000082d00000, 0x0000000082e00000, 0x0000000082e00000|100%| O|  |TAMS 0x0000000082e00000| PB 0x0000000082d00000| Untracked 
|  46|0x0000000082e00000, 0x0000000082f00000, 0x0000000082f00000|100%| O|  |TAMS 0x0000000082f00000| PB 0x0000000082e00000| Untracked 
|  47|0x0000000082f00000, 0x0000000083000000, 0x0000000083000000|100%|HS|  |TAMS 0x0000000083000000| PB 0x0000000082f00000| Complete 
|  48|0x0000000083000000, 0x0000000083100000, 0x0000000083100000|100%|HS|  |TAMS 0x0000000083100000| PB 0x0000000083000000| Complete 
|  49|0x0000000083100000, 0x0000000083200000, 0x0000000083200000|100%|HC|  |TAMS 0x0000000083200000| PB 0x0000000083100000| Complete 
|  50|0x0000000083200000, 0x0000000083300000, 0x0000000083300000|100%| O|  |TAMS 0x0000000083300000| PB 0x0000000083200000| Untracked 
|  51|0x0000000083300000, 0x0000000083400000, 0x0000000083400000|100%| O|  |TAMS 0x0000000083400000| PB 0x0000000083300000| Untracked 
|  52|0x0000000083400000, 0x0000000083500000, 0x0000000083500000|100%| O|  |TAMS 0x0000000083500000| PB 0x0000000083400000| Untracked 
|  53|0x0000000083500000, 0x0000000083600000, 0x0000000083600000|100%| O|  |TAMS 0x0000000083600000| PB 0x0000000083500000| Untracked 
|  54|0x0000000083600000, 0x0000000083700000, 0x0000000083700000|100%| O|  |TAMS 0x0000000083700000| PB 0x0000000083600000| Untracked 
|  55|0x0000000083700000, 0x0000000083800000, 0x0000000083800000|100%| O|  |TAMS 0x0000000083800000| PB 0x0000000083700000| Untracked 
|  56|0x0000000083800000, 0x0000000083900000, 0x0000000083900000|100%| O|  |TAMS 0x0000000083900000| PB 0x0000000083800000| Untracked 
|  57|0x0000000083900000, 0x0000000083a00000, 0x0000000083a00000|100%| O|  |TAMS 0x0000000083a00000| PB 0x0000000083900000| Untracked 
|  58|0x0000000083a00000, 0x0000000083b00000, 0x0000000083b00000|100%| O|  |TAMS 0x0000000083b00000| PB 0x0000000083a00000| Untracked 
|  59|0x0000000083b00000, 0x0000000083c00000, 0x0000000083c00000|100%| O|  |TAMS 0x0000000083c00000| PB 0x0000000083b00000| Untracked 
|  60|0x0000000083c00000, 0x0000000083d00000, 0x0000000083d00000|100%| O|  |TAMS 0x0000000083d00000| PB 0x0000000083c00000| Untracked 
|  61|0x0000000083d00000, 0x0000000083e00000, 0x0000000083e00000|100%| O|  |TAMS 0x0000000083e00000| PB 0x0000000083d00000| Untracked 
|  62|0x0000000083e00000, 0x0000000083f00000, 0x0000000083f00000|100%| O|  |TAMS 0x0000000083f00000| PB 0x0000000083e00000| Untracked 
|  63|0x0000000083f00000, 0x0000000084000000, 0x0000000084000000|100%| O|  |TAMS 0x0000000084000000| PB 0x0000000083f00000| Untracked 
|  64|0x0000000084000000, 0x0000000084100000, 0x0000000084100000|100%| O|  |TAMS 0x0000000084100000| PB 0x0000000084000000| Untracked 
|  65|0x0000000084100000, 0x0000000084200000, 0x0000000084200000|100%| O|  |TAMS 0x0000000084200000| PB 0x0000000084100000| Untracked 
|  66|0x0000000084200000, 0x0000000084300000, 0x0000000084300000|100%| O|  |TAMS 0x0000000084300000| PB 0x0000000084200000| Untracked 
|  67|0x0000000084300000, 0x0000000084400000, 0x0000000084400000|100%| O|  |TAMS 0x0000000084400000| PB 0x0000000084300000| Untracked 
|  68|0x0000000084400000, 0x0000000084500000, 0x0000000084500000|100%| O|  |TAMS 0x0000000084500000| PB 0x0000000084400000| Untracked 
|  69|0x0000000084500000, 0x0000000084600000, 0x0000000084600000|100%| O|  |TAMS 0x0000000084600000| PB 0x0000000084500000| Untracked 
|  70|0x0000000084600000, 0x0000000084700000, 0x0000000084700000|100%| O|  |TAMS 0x0000000084700000| PB 0x0000000084600000| Untracked 
|  71|0x0000000084700000, 0x0000000084800000, 0x0000000084800000|100%| O|  |TAMS 0x0000000084800000| PB 0x0000000084700000| Untracked 
|  72|0x0000000084800000, 0x0000000084900000, 0x0000000084900000|100%| O|  |TAMS 0x0000000084900000| PB 0x0000000084800000| Untracked 
|  73|0x0000000084900000, 0x0000000084a00000, 0x0000000084a00000|100%| O|  |TAMS 0x0000000084a00000| PB 0x0000000084900000| Untracked 
|  74|0x0000000084a00000, 0x0000000084b00000, 0x0000000084b00000|100%| O|  |TAMS 0x0000000084b00000| PB 0x0000000084a00000| Untracked 
|  75|0x0000000084b00000, 0x0000000084c00000, 0x0000000084c00000|100%| O|  |TAMS 0x0000000084c00000| PB 0x0000000084b00000| Untracked 
|  76|0x0000000084c00000, 0x0000000084d00000, 0x0000000084d00000|100%| O|  |TAMS 0x0000000084d00000| PB 0x0000000084c00000| Untracked 
|  77|0x0000000084d00000, 0x0000000084e00000, 0x0000000084e00000|100%| O|  |TAMS 0x0000000084e00000| PB 0x0000000084d00000| Untracked 
|  78|0x0000000084e00000, 0x0000000084f00000, 0x0000000084f00000|100%| O|  |TAMS 0x0000000084f00000| PB 0x0000000084e00000| Untracked 
|  79|0x0000000084f00000, 0x0000000085000000, 0x0000000085000000|100%| O|  |TAMS 0x0000000085000000| PB 0x0000000084f00000| Untracked 
|  80|0x0000000085000000, 0x0000000085100000, 0x0000000085100000|100%| O|  |TAMS 0x0000000085100000| PB 0x0000000085000000| Untracked 
|  81|0x0000000085100000, 0x0000000085200000, 0x0000000085200000|100%|HS|  |TAMS 0x0000000085200000| PB 0x0000000085100000| Complete 
|  82|0x0000000085200000, 0x0000000085300000, 0x0000000085300000|100%|HC|  |TAMS 0x0000000085300000| PB 0x0000000085200000| Complete 
|  83|0x0000000085300000, 0x0000000085400000, 0x0000000085400000|100%|HC|  |TAMS 0x0000000085400000| PB 0x0000000085300000| Complete 
|  84|0x0000000085400000, 0x0000000085500000, 0x0000000085500000|100%| O|  |TAMS 0x0000000085500000| PB 0x0000000085400000| Untracked 
|  85|0x0000000085500000, 0x0000000085600000, 0x0000000085600000|100%| O|  |TAMS 0x0000000085600000| PB 0x0000000085500000| Untracked 
|  86|0x0000000085600000, 0x0000000085700000, 0x0000000085700000|100%| O|  |TAMS 0x0000000085700000| PB 0x0000000085600000| Untracked 
|  87|0x0000000085700000, 0x0000000085800000, 0x0000000085800000|100%| O|  |TAMS 0x0000000085800000| PB 0x0000000085700000| Untracked 
|  88|0x0000000085800000, 0x0000000085900000, 0x0000000085900000|100%| O|  |TAMS 0x0000000085900000| PB 0x0000000085800000| Untracked 
|  89|0x0000000085900000, 0x0000000085a00000, 0x0000000085a00000|100%| O|  |TAMS 0x0000000085a00000| PB 0x0000000085900000| Untracked 
|  90|0x0000000085a00000, 0x0000000085b00000, 0x0000000085b00000|100%| O|  |TAMS 0x0000000085b00000| PB 0x0000000085a00000| Untracked 
|  91|0x0000000085b00000, 0x0000000085c00000, 0x0000000085c00000|100%| O|  |TAMS 0x0000000085c00000| PB 0x0000000085b00000| Untracked 
|  92|0x0000000085c00000, 0x0000000085d00000, 0x0000000085d00000|100%| O|  |TAMS 0x0000000085d00000| PB 0x0000000085c00000| Untracked 
|  93|0x0000000085d00000, 0x0000000085e00000, 0x0000000085e00000|100%| O|  |TAMS 0x0000000085e00000| PB 0x0000000085d00000| Untracked 
|  94|0x0000000085e00000, 0x0000000085f00000, 0x0000000085f00000|100%| O|  |TAMS 0x0000000085f00000| PB 0x0000000085e00000| Untracked 
|  95|0x0000000085f00000, 0x0000000086000000, 0x0000000086000000|100%| O|  |TAMS 0x0000000086000000| PB 0x0000000085f00000| Untracked 
|  96|0x0000000086000000, 0x0000000086100000, 0x0000000086100000|100%| O|  |TAMS 0x0000000086100000| PB 0x0000000086000000| Untracked 
|  97|0x0000000086100000, 0x0000000086200000, 0x0000000086200000|100%| O|  |TAMS 0x0000000086200000| PB 0x0000000086100000| Untracked 
|  98|0x0000000086200000, 0x0000000086300000, 0x0000000086300000|100%| O|  |TAMS 0x0000000086300000| PB 0x0000000086200000| Untracked 
|  99|0x0000000086300000, 0x0000000086400000, 0x0000000086400000|100%| O|  |TAMS 0x0000000086400000| PB 0x0000000086300000| Untracked 
| 100|0x0000000086400000, 0x0000000086500000, 0x0000000086500000|100%| O|  |TAMS 0x0000000086500000| PB 0x0000000086400000| Untracked 
| 101|0x0000000086500000, 0x0000000086600000, 0x0000000086600000|100%| O|  |TAMS 0x0000000086600000| PB 0x0000000086500000| Untracked 
| 102|0x0000000086600000, 0x0000000086700000, 0x0000000086700000|100%| O|  |TAMS 0x0000000086700000| PB 0x0000000086600000| Untracked 
| 103|0x0000000086700000, 0x0000000086800000, 0x0000000086800000|100%| O|  |TAMS 0x0000000086800000| PB 0x0000000086700000| Untracked 
| 104|0x0000000086800000, 0x0000000086900000, 0x0000000086900000|100%| O|  |TAMS 0x0000000086900000| PB 0x0000000086800000| Untracked 
| 105|0x0000000086900000, 0x0000000086a00000, 0x0000000086a00000|100%| O|  |TAMS 0x0000000086a00000| PB 0x0000000086900000| Untracked 
| 106|0x0000000086a00000, 0x0000000086b00000, 0x0000000086b00000|100%| O|  |TAMS 0x0000000086b00000| PB 0x0000000086a00000| Untracked 
| 107|0x0000000086b00000, 0x0000000086c00000, 0x0000000086c00000|100%| O|  |TAMS 0x0000000086c00000| PB 0x0000000086b00000| Untracked 
| 108|0x0000000086c00000, 0x0000000086d00000, 0x0000000086d00000|100%| O|  |TAMS 0x0000000086d00000| PB 0x0000000086c00000| Untracked 
| 109|0x0000000086d00000, 0x0000000086e00000, 0x0000000086e00000|100%| O|  |TAMS 0x0000000086e00000| PB 0x0000000086d00000| Untracked 
| 110|0x0000000086e00000, 0x0000000086f00000, 0x0000000086f00000|100%| O|  |TAMS 0x0000000086f00000| PB 0x0000000086e00000| Untracked 
| 111|0x0000000086f00000, 0x0000000087000000, 0x0000000087000000|100%| O|  |TAMS 0x0000000087000000| PB 0x0000000086f00000| Untracked 
| 112|0x0000000087000000, 0x0000000087100000, 0x0000000087100000|100%| O|  |TAMS 0x0000000087100000| PB 0x0000000087000000| Untracked 
| 113|0x0000000087100000, 0x0000000087200000, 0x0000000087200000|100%| O|  |TAMS 0x0000000087200000| PB 0x0000000087100000| Untracked 
| 114|0x0000000087200000, 0x0000000087300000, 0x0000000087300000|100%| O|  |TAMS 0x0000000087300000| PB 0x0000000087200000| Untracked 
| 115|0x0000000087300000, 0x0000000087400000, 0x0000000087400000|100%| O|  |TAMS 0x0000000087300000| PB 0x0000000087300000| Untracked 
| 116|0x0000000087400000, 0x0000000087500000, 0x0000000087500000|100%| O|  |TAMS 0x0000000087400000| PB 0x0000000087400000| Untracked 
| 117|0x0000000087500000, 0x0000000087600000, 0x0000000087600000|100%| O|  |TAMS 0x0000000087500000| PB 0x0000000087500000| Untracked 
| 118|0x0000000087600000, 0x0000000087700000, 0x0000000087700000|100%| O|  |TAMS 0x0000000087600000| PB 0x0000000087600000| Untracked 
| 119|0x0000000087700000, 0x0000000087800000, 0x0000000087800000|100%| O|  |TAMS 0x0000000087700000| PB 0x0000000087700000| Untracked 
| 120|0x0000000087800000, 0x0000000087900000, 0x0000000087900000|100%| O|  |TAMS 0x0000000087800000| PB 0x0000000087800000| Untracked 
| 121|0x0000000087900000, 0x0000000087a00000, 0x0000000087a00000|100%|HS|  |TAMS 0x0000000087a00000| PB 0x0000000087900000| Complete 
| 122|0x0000000087a00000, 0x0000000087b00000, 0x0000000087b00000|100%|HC|  |TAMS 0x0000000087b00000| PB 0x0000000087a00000| Complete 
| 123|0x0000000087b00000, 0x0000000087c00000, 0x0000000087c00000|100%|HS|  |TAMS 0x0000000087c00000| PB 0x0000000087b00000| Complete 
| 124|0x0000000087c00000, 0x0000000087d00000, 0x0000000087d00000|100%|HS|  |TAMS 0x0000000087d00000| PB 0x0000000087c00000| Complete 
| 125|0x0000000087d00000, 0x0000000087e00000, 0x0000000087e00000|100%|HS|  |TAMS 0x0000000087e00000| PB 0x0000000087d00000| Complete 
| 126|0x0000000087e00000, 0x0000000087f00000, 0x0000000087f00000|100%|HS|  |TAMS 0x0000000087f00000| PB 0x0000000087e00000| Complete 
| 127|0x0000000087f00000, 0x0000000088000000, 0x0000000088000000|100%|HS|  |TAMS 0x0000000088000000| PB 0x0000000087f00000| Complete 
| 128|0x0000000088000000, 0x0000000088100000, 0x0000000088100000|100%| O|  |TAMS 0x0000000088100000| PB 0x0000000088000000| Untracked 
| 129|0x0000000088100000, 0x0000000088200000, 0x0000000088200000|100%| O|  |TAMS 0x0000000088200000| PB 0x0000000088100000| Untracked 
| 130|0x0000000088200000, 0x0000000088300000, 0x0000000088300000|100%| O|  |TAMS 0x0000000088300000| PB 0x0000000088200000| Untracked 
| 131|0x0000000088300000, 0x0000000088400000, 0x0000000088400000|100%| O|  |TAMS 0x0000000088400000| PB 0x0000000088300000| Untracked 
| 132|0x0000000088400000, 0x0000000088500000, 0x0000000088500000|100%| O|  |TAMS 0x0000000088500000| PB 0x0000000088400000| Untracked 
| 133|0x0000000088500000, 0x0000000088600000, 0x0000000088600000|100%| O|  |TAMS 0x0000000088600000| PB 0x0000000088500000| Untracked 
| 134|0x0000000088600000, 0x0000000088700000, 0x0000000088700000|100%| O|  |TAMS 0x0000000088700000| PB 0x0000000088600000| Untracked 
| 135|0x0000000088700000, 0x0000000088800000, 0x0000000088800000|100%| O|  |TAMS 0x0000000088800000| PB 0x0000000088700000| Untracked 
| 136|0x0000000088800000, 0x0000000088900000, 0x0000000088900000|100%| O|  |TAMS 0x0000000088900000| PB 0x0000000088800000| Untracked 
| 137|0x0000000088900000, 0x0000000088a00000, 0x0000000088a00000|100%| O|  |TAMS 0x0000000088a00000| PB 0x0000000088900000| Untracked 
| 138|0x0000000088a00000, 0x0000000088b00000, 0x0000000088b00000|100%| O|  |TAMS 0x0000000088b00000| PB 0x0000000088a00000| Untracked 
| 139|0x0000000088b00000, 0x0000000088c00000, 0x0000000088c00000|100%| O|  |TAMS 0x0000000088c00000| PB 0x0000000088b00000| Untracked 
| 140|0x0000000088c00000, 0x0000000088d00000, 0x0000000088d00000|100%| O|  |TAMS 0x0000000088d00000| PB 0x0000000088c00000| Untracked 
| 141|0x0000000088d00000, 0x0000000088e00000, 0x0000000088e00000|100%| O|  |TAMS 0x0000000088d6cb78| PB 0x0000000088d00000| Untracked 
| 142|0x0000000088e00000, 0x0000000088f00000, 0x0000000088f00000|100%| O|  |TAMS 0x0000000088e00000| PB 0x0000000088e00000| Untracked 
| 143|0x0000000088f00000, 0x0000000089000000, 0x0000000089000000|100%| O|  |TAMS 0x0000000088f00000| PB 0x0000000088f00000| Untracked 
| 144|0x0000000089000000, 0x0000000089100000, 0x0000000089100000|100%| O|  |TAMS 0x0000000089000000| PB 0x0000000089000000| Untracked 
| 145|0x0000000089100000, 0x0000000089200000, 0x0000000089200000|100%| O|  |TAMS 0x0000000089100000| PB 0x0000000089100000| Untracked 
| 146|0x0000000089200000, 0x0000000089300000, 0x0000000089300000|100%| O|  |TAMS 0x0000000089200000| PB 0x0000000089200000| Untracked 
| 147|0x0000000089300000, 0x0000000089400000, 0x0000000089400000|100%| O|  |TAMS 0x0000000089300000| PB 0x0000000089300000| Untracked 
| 148|0x0000000089400000, 0x0000000089500000, 0x0000000089500000|100%| O|  |TAMS 0x0000000089400000| PB 0x0000000089400000| Untracked 
| 149|0x0000000089500000, 0x0000000089600000, 0x0000000089600000|100%| O|  |TAMS 0x0000000089500000| PB 0x0000000089500000| Untracked 
| 150|0x0000000089600000, 0x0000000089700000, 0x0000000089700000|100%| O|  |TAMS 0x0000000089600000| PB 0x0000000089600000| Untracked 
| 151|0x0000000089700000, 0x0000000089800000, 0x0000000089800000|100%| O|  |TAMS 0x0000000089700000| PB 0x0000000089700000| Untracked 
| 152|0x0000000089800000, 0x0000000089880000, 0x0000000089900000| 50%| O|  |TAMS 0x0000000089800000| PB 0x0000000089800000| Untracked 
| 153|0x0000000089900000, 0x0000000089900000, 0x0000000089a00000|  0%| F|  |TAMS 0x0000000089900000| PB 0x0000000089900000| Untracked 
| 154|0x0000000089a00000, 0x0000000089a00000, 0x0000000089b00000|  0%| F|  |TAMS 0x0000000089a00000| PB 0x0000000089a00000| Untracked 
| 155|0x0000000089b00000, 0x0000000089b00000, 0x0000000089c00000|  0%| F|  |TAMS 0x0000000089b00000| PB 0x0000000089b00000| Untracked 
| 156|0x0000000089c00000, 0x0000000089c00000, 0x0000000089d00000|  0%| F|  |TAMS 0x0000000089c00000| PB 0x0000000089c00000| Untracked 
| 157|0x0000000089d00000, 0x0000000089d00000, 0x0000000089e00000|  0%| F|  |TAMS 0x0000000089d00000| PB 0x0000000089d00000| Untracked 
| 158|0x0000000089e00000, 0x0000000089e00000, 0x0000000089f00000|  0%| F|  |TAMS 0x0000000089e00000| PB 0x0000000089e00000| Untracked 
| 159|0x0000000089f00000, 0x0000000089f00000, 0x000000008a000000|  0%| F|  |TAMS 0x0000000089f00000| PB 0x0000000089f00000| Untracked 
| 160|0x000000008a000000, 0x000000008a000000, 0x000000008a100000|  0%| F|  |TAMS 0x000000008a000000| PB 0x000000008a000000| Untracked 
| 161|0x000000008a100000, 0x000000008a100000, 0x000000008a200000|  0%| F|  |TAMS 0x000000008a100000| PB 0x000000008a100000| Untracked 
| 162|0x000000008a200000, 0x000000008a200000, 0x000000008a300000|  0%| F|  |TAMS 0x000000008a200000| PB 0x000000008a200000| Untracked 
| 163|0x000000008a300000, 0x000000008a300000, 0x000000008a400000|  0%| F|  |TAMS 0x000000008a300000| PB 0x000000008a300000| Untracked 
| 164|0x000000008a400000, 0x000000008a400000, 0x000000008a500000|  0%| F|  |TAMS 0x000000008a400000| PB 0x000000008a400000| Untracked 
| 165|0x000000008a500000, 0x000000008a500000, 0x000000008a600000|  0%| F|  |TAMS 0x000000008a500000| PB 0x000000008a500000| Untracked 
| 166|0x000000008a600000, 0x000000008a600000, 0x000000008a700000|  0%| F|  |TAMS 0x000000008a600000| PB 0x000000008a600000| Untracked 
| 167|0x000000008a700000, 0x000000008a700000, 0x000000008a800000|  0%| F|  |TAMS 0x000000008a700000| PB 0x000000008a700000| Untracked 
| 168|0x000000008a800000, 0x000000008a800000, 0x000000008a900000|  0%| F|  |TAMS 0x000000008a800000| PB 0x000000008a800000| Untracked 
| 169|0x000000008a900000, 0x000000008a900000, 0x000000008aa00000|  0%| F|  |TAMS 0x000000008a900000| PB 0x000000008a900000| Untracked 
| 170|0x000000008aa00000, 0x000000008aa00000, 0x000000008ab00000|  0%| F|  |TAMS 0x000000008aa00000| PB 0x000000008aa00000| Untracked 
| 171|0x000000008ab00000, 0x000000008ab00000, 0x000000008ac00000|  0%| F|  |TAMS 0x000000008ab00000| PB 0x000000008ab00000| Untracked 
| 172|0x000000008ac00000, 0x000000008ac00000, 0x000000008ad00000|  0%| F|  |TAMS 0x000000008ac00000| PB 0x000000008ac00000| Untracked 
| 173|0x000000008ad00000, 0x000000008ad00000, 0x000000008ae00000|  0%| F|  |TAMS 0x000000008ad00000| PB 0x000000008ad00000| Untracked 
| 174|0x000000008ae00000, 0x000000008ae00000, 0x000000008af00000|  0%| F|  |TAMS 0x000000008ae00000| PB 0x000000008ae00000| Untracked 
| 175|0x000000008af00000, 0x000000008af00000, 0x000000008b000000|  0%| F|  |TAMS 0x000000008af00000| PB 0x000000008af00000| Untracked 
| 176|0x000000008b000000, 0x000000008b000000, 0x000000008b100000|  0%| F|  |TAMS 0x000000008b000000| PB 0x000000008b000000| Untracked 
| 177|0x000000008b100000, 0x000000008b100000, 0x000000008b200000|  0%| F|  |TAMS 0x000000008b100000| PB 0x000000008b100000| Untracked 
| 178|0x000000008b200000, 0x000000008b200000, 0x000000008b300000|  0%| F|  |TAMS 0x000000008b200000| PB 0x000000008b200000| Untracked 
| 179|0x000000008b300000, 0x000000008b300000, 0x000000008b400000|  0%| F|  |TAMS 0x000000008b300000| PB 0x000000008b300000| Untracked 
| 180|0x000000008b400000, 0x000000008b400000, 0x000000008b500000|  0%| F|  |TAMS 0x000000008b400000| PB 0x000000008b400000| Untracked 
| 181|0x000000008b500000, 0x000000008b500000, 0x000000008b600000|  0%| F|  |TAMS 0x000000008b500000| PB 0x000000008b500000| Untracked 
| 182|0x000000008b600000, 0x000000008b600000, 0x000000008b700000|  0%| F|  |TAMS 0x000000008b600000| PB 0x000000008b600000| Untracked 
| 183|0x000000008b700000, 0x000000008b700000, 0x000000008b800000|  0%| F|  |TAMS 0x000000008b700000| PB 0x000000008b700000| Untracked 
| 184|0x000000008b800000, 0x000000008b800000, 0x000000008b900000|  0%| F|  |TAMS 0x000000008b800000| PB 0x000000008b800000| Untracked 
| 185|0x000000008b900000, 0x000000008b900000, 0x000000008ba00000|  0%| F|  |TAMS 0x000000008b900000| PB 0x000000008b900000| Untracked 
| 186|0x000000008ba00000, 0x000000008ba00000, 0x000000008bb00000|  0%| F|  |TAMS 0x000000008ba00000| PB 0x000000008ba00000| Untracked 
| 187|0x000000008bb00000, 0x000000008bb00000, 0x000000008bc00000|  0%| F|  |TAMS 0x000000008bb00000| PB 0x000000008bb00000| Untracked 
| 188|0x000000008bc00000, 0x000000008bc00000, 0x000000008bd00000|  0%| F|  |TAMS 0x000000008bc00000| PB 0x000000008bc00000| Untracked 
| 189|0x000000008bd00000, 0x000000008bd00000, 0x000000008be00000|  0%| F|  |TAMS 0x000000008bd00000| PB 0x000000008bd00000| Untracked 
| 190|0x000000008be00000, 0x000000008be00000, 0x000000008bf00000|  0%| F|  |TAMS 0x000000008be00000| PB 0x000000008be00000| Untracked 
| 191|0x000000008bf00000, 0x000000008bf00000, 0x000000008c000000|  0%| F|  |TAMS 0x000000008bf00000| PB 0x000000008bf00000| Untracked 
| 192|0x000000008c000000, 0x000000008c000000, 0x000000008c100000|  0%| F|  |TAMS 0x000000008c000000| PB 0x000000008c000000| Untracked 
| 193|0x000000008c100000, 0x000000008c100000, 0x000000008c200000|  0%| F|  |TAMS 0x000000008c100000| PB 0x000000008c100000| Untracked 
| 194|0x000000008c200000, 0x000000008c200000, 0x000000008c300000|  0%| F|  |TAMS 0x000000008c200000| PB 0x000000008c200000| Untracked 
| 195|0x000000008c300000, 0x000000008c300000, 0x000000008c400000|  0%| F|  |TAMS 0x000000008c300000| PB 0x000000008c300000| Untracked 
| 196|0x000000008c400000, 0x000000008c400000, 0x000000008c500000|  0%| F|  |TAMS 0x000000008c400000| PB 0x000000008c400000| Untracked 
| 197|0x000000008c500000, 0x000000008c500000, 0x000000008c600000|  0%| F|  |TAMS 0x000000008c500000| PB 0x000000008c500000| Untracked 
| 198|0x000000008c600000, 0x000000008c600000, 0x000000008c700000|  0%| F|  |TAMS 0x000000008c600000| PB 0x000000008c600000| Untracked 
| 199|0x000000008c700000, 0x000000008c700000, 0x000000008c800000|  0%| F|  |TAMS 0x000000008c700000| PB 0x000000008c700000| Untracked 
| 200|0x000000008c800000, 0x000000008c800000, 0x000000008c900000|  0%| F|  |TAMS 0x000000008c800000| PB 0x000000008c800000| Untracked 
| 201|0x000000008c900000, 0x000000008c900000, 0x000000008ca00000|  0%| F|  |TAMS 0x000000008c900000| PB 0x000000008c900000| Untracked 
| 202|0x000000008ca00000, 0x000000008ca00000, 0x000000008cb00000|  0%| F|  |TAMS 0x000000008ca00000| PB 0x000000008ca00000| Untracked 
| 203|0x000000008cb00000, 0x000000008cb00000, 0x000000008cc00000|  0%| F|  |TAMS 0x000000008cb00000| PB 0x000000008cb00000| Untracked 
| 204|0x000000008cc00000, 0x000000008cc00000, 0x000000008cd00000|  0%| F|  |TAMS 0x000000008cc00000| PB 0x000000008cc00000| Untracked 
| 205|0x000000008cd00000, 0x000000008cd00000, 0x000000008ce00000|  0%| F|  |TAMS 0x000000008cd00000| PB 0x000000008cd00000| Untracked 
| 206|0x000000008ce00000, 0x000000008ce00000, 0x000000008cf00000|  0%| F|  |TAMS 0x000000008ce00000| PB 0x000000008ce00000| Untracked 
| 207|0x000000008cf00000, 0x000000008cf00000, 0x000000008d000000|  0%| F|  |TAMS 0x000000008cf00000| PB 0x000000008cf00000| Untracked 
| 208|0x000000008d000000, 0x000000008d000000, 0x000000008d100000|  0%| F|  |TAMS 0x000000008d000000| PB 0x000000008d000000| Untracked 
| 209|0x000000008d100000, 0x000000008d100000, 0x000000008d200000|  0%| F|  |TAMS 0x000000008d100000| PB 0x000000008d100000| Untracked 
| 210|0x000000008d200000, 0x000000008d200000, 0x000000008d300000|  0%| F|  |TAMS 0x000000008d200000| PB 0x000000008d200000| Untracked 
| 211|0x000000008d300000, 0x000000008d300000, 0x000000008d400000|  0%| F|  |TAMS 0x000000008d300000| PB 0x000000008d300000| Untracked 
| 212|0x000000008d400000, 0x000000008d400000, 0x000000008d500000|  0%| F|  |TAMS 0x000000008d400000| PB 0x000000008d400000| Untracked 
| 213|0x000000008d500000, 0x000000008d500000, 0x000000008d600000|  0%| F|  |TAMS 0x000000008d500000| PB 0x000000008d500000| Untracked 
| 214|0x000000008d600000, 0x000000008d600000, 0x000000008d700000|  0%| F|  |TAMS 0x000000008d600000| PB 0x000000008d600000| Untracked 
| 215|0x000000008d700000, 0x000000008d700000, 0x000000008d800000|  0%| F|  |TAMS 0x000000008d700000| PB 0x000000008d700000| Untracked 
| 216|0x000000008d800000, 0x000000008d800000, 0x000000008d900000|  0%| F|  |TAMS 0x000000008d800000| PB 0x000000008d800000| Untracked 
| 217|0x000000008d900000, 0x000000008d900000, 0x000000008da00000|  0%| F|  |TAMS 0x000000008d900000| PB 0x000000008d900000| Untracked 
| 218|0x000000008da00000, 0x000000008da00000, 0x000000008db00000|  0%| F|  |TAMS 0x000000008da00000| PB 0x000000008da00000| Untracked 
| 219|0x000000008db00000, 0x000000008db00000, 0x000000008dc00000|  0%| F|  |TAMS 0x000000008db00000| PB 0x000000008db00000| Untracked 
| 220|0x000000008dc00000, 0x000000008dc00000, 0x000000008dd00000|  0%| F|  |TAMS 0x000000008dc00000| PB 0x000000008dc00000| Untracked 
| 221|0x000000008dd00000, 0x000000008dd00000, 0x000000008de00000|  0%| F|  |TAMS 0x000000008dd00000| PB 0x000000008dd00000| Untracked 
| 222|0x000000008de00000, 0x000000008de00000, 0x000000008df00000|  0%| F|  |TAMS 0x000000008de00000| PB 0x000000008de00000| Untracked 
| 223|0x000000008df00000, 0x000000008df00000, 0x000000008e000000|  0%| F|  |TAMS 0x000000008df00000| PB 0x000000008df00000| Untracked 
| 224|0x000000008e000000, 0x000000008e000000, 0x000000008e100000|  0%| F|  |TAMS 0x000000008e000000| PB 0x000000008e000000| Untracked 
| 225|0x000000008e100000, 0x000000008e100000, 0x000000008e200000|  0%| F|  |TAMS 0x000000008e100000| PB 0x000000008e100000| Untracked 
| 226|0x000000008e200000, 0x000000008e200000, 0x000000008e300000|  0%| F|  |TAMS 0x000000008e200000| PB 0x000000008e200000| Untracked 
| 227|0x000000008e300000, 0x000000008e300000, 0x000000008e400000|  0%| F|  |TAMS 0x000000008e300000| PB 0x000000008e300000| Untracked 
| 228|0x000000008e400000, 0x000000008e400000, 0x000000008e500000|  0%| F|  |TAMS 0x000000008e400000| PB 0x000000008e400000| Untracked 
| 229|0x000000008e500000, 0x000000008e500000, 0x000000008e600000|  0%| F|  |TAMS 0x000000008e500000| PB 0x000000008e500000| Untracked 
| 230|0x000000008e600000, 0x000000008e600000, 0x000000008e700000|  0%| F|  |TAMS 0x000000008e600000| PB 0x000000008e600000| Untracked 
| 231|0x000000008e700000, 0x000000008e700000, 0x000000008e800000|  0%| F|  |TAMS 0x000000008e700000| PB 0x000000008e700000| Untracked 
| 232|0x000000008e800000, 0x000000008e800000, 0x000000008e900000|  0%| F|  |TAMS 0x000000008e800000| PB 0x000000008e800000| Untracked 
| 233|0x000000008e900000, 0x000000008e900000, 0x000000008ea00000|  0%| F|  |TAMS 0x000000008e900000| PB 0x000000008e900000| Untracked 
| 234|0x000000008ea00000, 0x000000008ea00000, 0x000000008eb00000|  0%| F|  |TAMS 0x000000008ea00000| PB 0x000000008ea00000| Untracked 
| 235|0x000000008eb00000, 0x000000008eb00000, 0x000000008ec00000|  0%| F|  |TAMS 0x000000008eb00000| PB 0x000000008eb00000| Untracked 
| 236|0x000000008ec00000, 0x000000008ec00000, 0x000000008ed00000|  0%| F|  |TAMS 0x000000008ec00000| PB 0x000000008ec00000| Untracked 
| 237|0x000000008ed00000, 0x000000008ed00000, 0x000000008ee00000|  0%| F|  |TAMS 0x000000008ed00000| PB 0x000000008ed00000| Untracked 
| 238|0x000000008ee00000, 0x000000008ee00000, 0x000000008ef00000|  0%| F|  |TAMS 0x000000008ee00000| PB 0x000000008ee00000| Untracked 
| 239|0x000000008ef00000, 0x000000008ef00000, 0x000000008f000000|  0%| F|  |TAMS 0x000000008ef00000| PB 0x000000008ef00000| Untracked 
| 240|0x000000008f000000, 0x000000008f000000, 0x000000008f100000|  0%| F|  |TAMS 0x000000008f000000| PB 0x000000008f000000| Untracked 
| 241|0x000000008f100000, 0x000000008f100000, 0x000000008f200000|  0%| F|  |TAMS 0x000000008f100000| PB 0x000000008f100000| Untracked 
| 242|0x000000008f200000, 0x000000008f200000, 0x000000008f300000|  0%| F|  |TAMS 0x000000008f200000| PB 0x000000008f200000| Untracked 
| 243|0x000000008f300000, 0x000000008f300000, 0x000000008f400000|  0%| F|  |TAMS 0x000000008f300000| PB 0x000000008f300000| Untracked 
| 244|0x000000008f400000, 0x000000008f400000, 0x000000008f500000|  0%| F|  |TAMS 0x000000008f400000| PB 0x000000008f400000| Untracked 
| 245|0x000000008f500000, 0x000000008f500000, 0x000000008f600000|  0%| F|  |TAMS 0x000000008f500000| PB 0x000000008f500000| Untracked 
| 246|0x000000008f600000, 0x000000008f600000, 0x000000008f700000|  0%| F|  |TAMS 0x000000008f600000| PB 0x000000008f600000| Untracked 
| 247|0x000000008f700000, 0x000000008f700000, 0x000000008f800000|  0%| F|  |TAMS 0x000000008f700000| PB 0x000000008f700000| Untracked 
| 248|0x000000008f800000, 0x000000008f800000, 0x000000008f900000|  0%| F|  |TAMS 0x000000008f800000| PB 0x000000008f800000| Untracked 
| 249|0x000000008f900000, 0x000000008f900000, 0x000000008fa00000|  0%| F|  |TAMS 0x000000008f900000| PB 0x000000008f900000| Untracked 
| 250|0x000000008fa00000, 0x000000008fa00000, 0x000000008fb00000|  0%| F|  |TAMS 0x000000008fa00000| PB 0x000000008fa00000| Untracked 
| 251|0x000000008fb00000, 0x000000008fb00000, 0x000000008fc00000|  0%| F|  |TAMS 0x000000008fb00000| PB 0x000000008fb00000| Untracked 
| 252|0x000000008fc00000, 0x000000008fc00000, 0x000000008fd00000|  0%| F|  |TAMS 0x000000008fc00000| PB 0x000000008fc00000| Untracked 
| 253|0x000000008fd00000, 0x000000008fd00000, 0x000000008fe00000|  0%| F|  |TAMS 0x000000008fd00000| PB 0x000000008fd00000| Untracked 
| 254|0x000000008fe00000, 0x000000008fe00000, 0x000000008ff00000|  0%| F|  |TAMS 0x000000008fe00000| PB 0x000000008fe00000| Untracked 
| 255|0x000000008ff00000, 0x000000008ff00000, 0x0000000090000000|  0%| F|  |TAMS 0x000000008ff00000| PB 0x000000008ff00000| Untracked 
| 256|0x0000000090000000, 0x0000000090000000, 0x0000000090100000|  0%| F|  |TAMS 0x0000000090000000| PB 0x0000000090000000| Untracked 
| 257|0x0000000090100000, 0x0000000090100000, 0x0000000090200000|  0%| F|  |TAMS 0x0000000090100000| PB 0x0000000090100000| Untracked 
| 258|0x0000000090200000, 0x0000000090200000, 0x0000000090300000|  0%| F|  |TAMS 0x0000000090200000| PB 0x0000000090200000| Untracked 
| 259|0x0000000090300000, 0x0000000090300000, 0x0000000090400000|  0%| F|  |TAMS 0x0000000090300000| PB 0x0000000090300000| Untracked 
| 260|0x0000000090400000, 0x0000000090400000, 0x0000000090500000|  0%| F|  |TAMS 0x0000000090400000| PB 0x0000000090400000| Untracked 
| 261|0x0000000090500000, 0x0000000090500000, 0x0000000090600000|  0%| F|  |TAMS 0x0000000090500000| PB 0x0000000090500000| Untracked 
| 262|0x0000000090600000, 0x0000000090600000, 0x0000000090700000|  0%| F|  |TAMS 0x0000000090600000| PB 0x0000000090600000| Untracked 
| 263|0x0000000090700000, 0x0000000090700000, 0x0000000090800000|  0%| F|  |TAMS 0x0000000090700000| PB 0x0000000090700000| Untracked 
| 264|0x0000000090800000, 0x0000000090800000, 0x0000000090900000|  0%| F|  |TAMS 0x0000000090800000| PB 0x0000000090800000| Untracked 
| 265|0x0000000090900000, 0x0000000090900000, 0x0000000090a00000|  0%| F|  |TAMS 0x0000000090900000| PB 0x0000000090900000| Untracked 
| 266|0x0000000090a00000, 0x0000000090a00000, 0x0000000090b00000|  0%| F|  |TAMS 0x0000000090a00000| PB 0x0000000090a00000| Untracked 
| 267|0x0000000090b00000, 0x0000000090b00000, 0x0000000090c00000|  0%| F|  |TAMS 0x0000000090b00000| PB 0x0000000090b00000| Untracked 
| 268|0x0000000090c00000, 0x0000000090c00000, 0x0000000090d00000|  0%| F|  |TAMS 0x0000000090c00000| PB 0x0000000090c00000| Untracked 
| 269|0x0000000090d00000, 0x0000000090d00000, 0x0000000090e00000|  0%| F|  |TAMS 0x0000000090d00000| PB 0x0000000090d00000| Untracked 
| 270|0x0000000090e00000, 0x0000000090e00000, 0x0000000090f00000|  0%| F|  |TAMS 0x0000000090e00000| PB 0x0000000090e00000| Untracked 
| 271|0x0000000090f00000, 0x0000000090f00000, 0x0000000091000000|  0%| F|  |TAMS 0x0000000090f00000| PB 0x0000000090f00000| Untracked 
| 272|0x0000000091000000, 0x0000000091000000, 0x0000000091100000|  0%| F|  |TAMS 0x0000000091000000| PB 0x0000000091000000| Untracked 
| 273|0x0000000091100000, 0x0000000091100000, 0x0000000091200000|  0%| F|  |TAMS 0x0000000091100000| PB 0x0000000091100000| Untracked 
| 274|0x0000000091200000, 0x0000000091200000, 0x0000000091300000|  0%| F|  |TAMS 0x0000000091200000| PB 0x0000000091200000| Untracked 
| 275|0x0000000091300000, 0x0000000091300000, 0x0000000091400000|  0%| F|  |TAMS 0x0000000091300000| PB 0x0000000091300000| Untracked 
| 276|0x0000000091400000, 0x0000000091400000, 0x0000000091500000|  0%| F|  |TAMS 0x0000000091400000| PB 0x0000000091400000| Untracked 
| 277|0x0000000091500000, 0x0000000091500000, 0x0000000091600000|  0%| F|  |TAMS 0x0000000091500000| PB 0x0000000091500000| Untracked 
| 278|0x0000000091600000, 0x0000000091600000, 0x0000000091700000|  0%| F|  |TAMS 0x0000000091600000| PB 0x0000000091600000| Untracked 
| 279|0x0000000091700000, 0x0000000091700000, 0x0000000091800000|  0%| F|  |TAMS 0x0000000091700000| PB 0x0000000091700000| Untracked 
| 280|0x0000000091800000, 0x0000000091900000, 0x0000000091900000|100%| S|CS|TAMS 0x0000000091800000| PB 0x0000000091800000| Complete 
| 281|0x0000000091900000, 0x0000000091a00000, 0x0000000091a00000|100%| S|CS|TAMS 0x0000000091900000| PB 0x0000000091900000| Complete 
| 282|0x0000000091a00000, 0x0000000091a00000, 0x0000000091b00000|  0%| F|  |TAMS 0x0000000091a00000| PB 0x0000000091a00000| Untracked 
| 283|0x0000000091b00000, 0x0000000091b00000, 0x0000000091c00000|  0%| F|  |TAMS 0x0000000091b00000| PB 0x0000000091b00000| Untracked 

Card table byte_map: [0x000001fd78690000,0x000001fd78a90000] _byte_map_base: 0x000001fd78290000

Marking Bits: (CMBitMap*) 0x000001fd755dff40
 Bits: [0x000001fd78a90000, 0x000001fd7aa90000)

Polling page: 0x000001fd733b0000

Metaspace:

Usage:
  Non-class:     22.07 MB used.
      Class:      2.47 MB used.
       Both:     24.54 MB used.

Virtual space:
  Non-class space:       64.00 MB reserved,      22.19 MB ( 35%) committed,  1 nodes.
      Class space:        1.00 GB reserved,       2.62 MB ( <1%) committed,  1 nodes.
             Both:        1.06 GB reserved,      24.81 MB (  2%) committed. 

Chunk freelists:
   Non-Class:  9.77 MB
       Class:  13.30 MB
        Both:  23.06 MB

MaxMetaspaceSize: unlimited
CompressedClassSpaceSize: 1.00 GB
Initial GC threshold: 21.00 MB
Current GC threshold: 39.62 MB
CDS: off
 - commit_granule_bytes: 65536.
 - commit_granule_words: 8192.
 - virtual_space_node_default_size: 8388608.
 - enlarge_chunks_in_place: 1.
 - use_allocation_guard: 0.


Internal statistics:

num_allocs_failed_limit: 3.
num_arena_births: 156.
num_arena_deaths: 0.
num_vsnodes_births: 2.
num_vsnodes_deaths: 0.
num_space_committed: 396.
num_space_uncommitted: 0.
num_chunks_returned_to_freelist: 3.
num_chunks_taken_from_freelist: 556.
num_chunk_merges: 3.
num_chunk_splits: 359.
num_chunks_enlarged: 258.
num_inconsistent_stats: 0.

CodeHeap 'non-profiled nmethods': size=120000Kb used=3274Kb max_used=3274Kb free=116725Kb
 bounds [0x000001fd07ad0000, 0x000001fd07e10000, 0x000001fd0f000000]
CodeHeap 'profiled nmethods': size=120000Kb used=7372Kb max_used=7372Kb free=112627Kb
 bounds [0x000001fd00000000, 0x000001fd00740000, 0x000001fd07530000]
CodeHeap 'non-nmethods': size=5760Kb used=1408Kb max_used=1469Kb free=4351Kb
 bounds [0x000001fd07530000, 0x000001fd077a0000, 0x000001fd07ad0000]
CodeCache: size=245760Kb, used=12054Kb, max_used=12115Kb, free=233703Kb
 total_blobs=4012, nmethods=3444, adapters=472, full_count=0
Compilation: enabled, stopped_count=0, restarted_count=0

Compilation events (20 events):
Event: 8.771 Thread 0x000001fd7d5c4fa0 3646       3       tech.units.indriya.internal.simplify.Simplifier::compose (149 bytes)
Event: 8.772 Thread 0x000001fd7d5c4fa0 nmethod 3646 0x000001fd00730990 code [0x000001fd00730c80, 0x000001fd00731998]
Event: 8.772 Thread 0x000001fd7d5c4fa0 3649       3       tech.units.indriya.AbstractUnit::multiply (17 bytes)
Event: 8.773 Thread 0x000001fd7d5c4fa0 nmethod 3649 0x000001fd00731d10 code [0x000001fd00731f80, 0x000001fd007326b8]
Event: 8.787 Thread 0x000001fd7dafd2c0 nmethod 3630 0x000001fd07dfbf90 code [0x000001fd07dfc200, 0x000001fd07dfce80]
Event: 8.787 Thread 0x000001fd7dafd2c0 3650 %s    4       org.languagetool.rules.spelling.SpellingCheckRule::init @ 17 (314 bytes)
Event: 8.788 Thread 0x000001fd7d5c4fa0 3653       1       com.google.common.cache.LocalCache$StrongEntry::getKey (5 bytes)
Event: 8.789 Thread 0x000001fd7d5c4fa0 nmethod 3653 0x000001fd07dfd410 code [0x000001fd07dfd5a0, 0x000001fd07dfd668]
Event: 8.799 Thread 0x000001fd7d58dcd0 nmethod 3632 0x000001fd07dfd710 code [0x000001fd07dfd900, 0x000001fd07dfe658]
Event: 8.799 Thread 0x000001fd7d58dcd0 3651       4       sun.net.www.ParseUtil::firstEncodeIndex (86 bytes)
Event: 8.832 Thread 0x000001fd7d58dcd0 nmethod 3651 0x000001fd07dfec10 code [0x000001fd07dfedc0, 0x000001fd07dff308]
Event: 8.832 Thread 0x000001fd7d58dcd0 3639       4       org.languagetool.rules.Rule::setCategory (14 bytes)
Event: 8.835 Thread 0x000001fd7d58dcd0 nmethod 3639 0x000001fd07dff510 code [0x000001fd07dff6a0, 0x000001fd07dff818]
Event: 8.835 Thread 0x000001fd7d58dcd0 3654       4       java.util.ArrayList::addAll (76 bytes)
Event: 8.835 Thread 0x000001fd7dafa9e0 nmethod 3610 0x000001fd07dff910 code [0x000001fd07dffba0, 0x000001fd07e016e0]
Event: 8.836 Thread 0x000001fd7dafa9e0 3631       4       java.lang.StrictMath::ceil (10 bytes)
Event: 8.837 Thread 0x000001fd7dafa9e0 nmethod 3631 0x000001fd07e02610 code [0x000001fd07e027c0, 0x000001fd07e028f8]
Event: 8.837 Thread 0x000001fd7dafa9e0 3644       4       java.util.regex.Pattern::single (82 bytes)
Event: 8.841 Thread 0x000001fd7d5c4fa0 3656   !   3       java.util.zip.ZipFile::getManifestName (61 bytes)
Event: 8.842 Thread 0x000001fd7d5c4fa0 nmethod 3656 0x000001fd00732910 code [0x000001fd00732ae0, 0x000001fd00732e78]

GC Heap History (20 events):
Event: 5.184 GC heap after
{Heap after GC invocations=10 (full 0):
 garbage-first heap   total 96256K, used 46057K [0x0000000080000000, 0x0000000100000000)
  region size 1024K, 5 young (5120K), 5 survivors (5120K)
 Metaspace       used 23827K, committed 23936K, reserved 1114112K
  class space    used 2313K, committed 2368K, reserved 1048576K
}
Event: 5.529 GC heap before
{Heap before GC invocations=10 (full 0):
 garbage-first heap   total 96256K, used 80873K [0x0000000080000000, 0x0000000100000000)
  region size 1024K, 39 young (39936K), 5 survivors (5120K)
 Metaspace       used 23942K, committed 24128K, reserved 1114112K
  class space    used 2321K, committed 2432K, reserved 1048576K
}
Event: 5.557 GC heap after
{Heap after GC invocations=11 (full 0):
 garbage-first heap   total 139264K, used 53229K [0x0000000080000000, 0x0000000100000000)
  region size 1024K, 5 young (5120K), 5 survivors (5120K)
 Metaspace       used 23942K, committed 24128K, reserved 1114112K
  class space    used 2321K, committed 2432K, reserved 1048576K
}
Event: 5.926 GC heap before
{Heap before GC invocations=11 (full 0):
 garbage-first heap   total 139264K, used 116717K [0x0000000080000000, 0x0000000100000000)
  region size 1024K, 64 young (65536K), 5 survivors (5120K)
 Metaspace       used 24060K, committed 24256K, reserved 1114112K
  class space    used 2332K, committed 2432K, reserved 1048576K
}
Event: 5.963 GC heap after
{Heap after GC invocations=12 (full 0):
 garbage-first heap   total 139264K, used 70656K [0x0000000080000000, 0x0000000100000000)
  region size 1024K, 8 young (8192K), 8 survivors (8192K)
 Metaspace       used 24060K, committed 24256K, reserved 1114112K
  class space    used 2332K, committed 2432K, reserved 1048576K
}
Event: 6.139 GC heap before
{Heap before GC invocations=12 (full 0):
 garbage-first heap   total 139264K, used 115712K [0x0000000080000000, 0x0000000100000000)
  region size 1024K, 52 young (53248K), 8 survivors (8192K)
 Metaspace       used 24066K, committed 24256K, reserved 1114112K
  class space    used 2332K, committed 2432K, reserved 1048576K
}
Event: 6.176 GC heap after
{Heap after GC invocations=13 (full 0):
 garbage-first heap   total 139264K, used 81408K [0x0000000080000000, 0x0000000100000000)
  region size 1024K, 7 young (7168K), 7 survivors (7168K)
 Metaspace       used 24066K, committed 24256K, reserved 1114112K
  class space    used 2332K, committed 2432K, reserved 1048576K
}
Event: 6.193 GC heap before
{Heap before GC invocations=13 (full 0):
 garbage-first heap   total 139264K, used 86528K [0x0000000080000000, 0x0000000100000000)
  region size 1024K, 13 young (13312K), 7 survivors (7168K)
 Metaspace       used 24066K, committed 24256K, reserved 1114112K
  class space    used 2332K, committed 2432K, reserved 1048576K
}
Event: 6.213 GC heap after
{Heap after GC invocations=14 (full 0):
 garbage-first heap   total 139264K, used 84480K [0x0000000080000000, 0x0000000100000000)
  region size 1024K, 2 young (2048K), 2 survivors (2048K)
 Metaspace       used 24066K, committed 24256K, reserved 1114112K
  class space    used 2332K, committed 2432K, reserved 1048576K
}
Event: 6.625 GC heap before
{Heap before GC invocations=15 (full 0):
 garbage-first heap   total 145408K, used 122368K [0x0000000080000000, 0x0000000100000000)
  region size 1024K, 36 young (36864K), 2 survivors (2048K)
 Metaspace       used 24136K, committed 24384K, reserved 1114112K
  class space    used 2336K, committed 2432K, reserved 1048576K
}
Event: 6.654 GC heap after
{Heap after GC invocations=16 (full 0):
 garbage-first heap   total 145408K, used 94208K [0x0000000080000000, 0x0000000100000000)
  region size 1024K, 5 young (5120K), 5 survivors (5120K)
 Metaspace       used 24136K, committed 24384K, reserved 1114112K
  class space    used 2336K, committed 2432K, reserved 1048576K
}
Event: 7.032 GC heap before
{Heap before GC invocations=16 (full 0):
 garbage-first heap   total 145408K, used 126976K [0x0000000080000000, 0x0000000100000000)
  region size 1024K, 37 young (37888K), 5 survivors (5120K)
 Metaspace       used 24136K, committed 24384K, reserved 1114112K
  class space    used 2336K, committed 2432K, reserved 1048576K
}
Event: 7.066 GC heap after
{Heap after GC invocations=17 (full 0):
 garbage-first heap   total 290816K, used 99110K [0x0000000080000000, 0x0000000100000000)
  region size 1024K, 5 young (5120K), 5 survivors (5120K)
 Metaspace       used 24136K, committed 24384K, reserved 1114112K
  class space    used 2336K, committed 2432K, reserved 1048576K
}
Event: 7.522 GC heap before
{Heap before GC invocations=17 (full 0):
 garbage-first heap   total 290816K, used 218918K [0x0000000080000000, 0x0000000100000000)
  region size 1024K, 122 young (124928K), 5 survivors (5120K)
 Metaspace       used 24147K, committed 24384K, reserved 1114112K
  class space    used 2337K, committed 2432K, reserved 1048576K
}
Event: 7.553 GC heap after
{Heap after GC invocations=18 (full 0):
 garbage-first heap   total 290816K, used 116310K [0x0000000080000000, 0x0000000100000000)
  region size 1024K, 16 young (16384K), 16 survivors (16384K)
 Metaspace       used 24147K, committed 24384K, reserved 1114112K
  class space    used 2337K, committed 2432K, reserved 1048576K
}
Event: 7.952 GC heap before
{Heap before GC invocations=18 (full 0):
 garbage-first heap   total 290816K, used 226902K [0x0000000080000000, 0x0000000100000000)
  region size 1024K, 124 young (126976K), 16 survivors (16384K)
 Metaspace       used 24173K, committed 24384K, reserved 1114112K
  class space    used 2337K, committed 2432K, reserved 1048576K
}
Event: 7.977 GC heap after
{Heap after GC invocations=19 (full 0):
 garbage-first heap   total 290816K, used 130575K [0x0000000080000000, 0x0000000100000000)
  region size 1024K, 13 young (13312K), 13 survivors (13312K)
 Metaspace       used 24173K, committed 24384K, reserved 1114112K
  class space    used 2337K, committed 2432K, reserved 1048576K
}
Event: 8.806 GC heap before
{Heap before GC invocations=19 (full 0):
 garbage-first heap   total 290816K, used 251407K [0x0000000080000000, 0x0000000100000000)
  region size 1024K, 118 young (120832K), 13 survivors (13312K)
 Metaspace       used 25089K, committed 25344K, reserved 1114112K
  class space    used 2524K, committed 2688K, reserved 1048576K
}
Event: 8.831 GC heap after
{Heap after GC invocations=20 (full 0):
 garbage-first heap   total 290816K, used 154034K [0x0000000080000000, 0x0000000100000000)
  region size 1024K, 15 young (15360K), 15 survivors (15360K)
 Metaspace       used 25089K, committed 25344K, reserved 1114112K
  class space    used 2524K, committed 2688K, reserved 1048576K
}
Event: 8.845 GC heap before
{Heap before GC invocations=20 (full 0):
 garbage-first heap   total 290816K, used 155058K [0x0000000080000000, 0x0000000100000000)
  region size 1024K, 17 young (17408K), 15 survivors (15360K)
 Metaspace       used 25130K, committed 25408K, reserved 1114112K
  class space    used 2527K, committed 2688K, reserved 1048576K
}

Dll operation events (9 events):
Event: 0.010 Loaded shared library c:\Users\nhiph\.vscode\extensions\ltex-plus.vscode-ltex-plus-15.7.1\lib\ltex-ls-plus-18.7.0\jdk-21.0.10+7\bin\java.dll
Event: 0.019 Loaded shared library c:\Users\nhiph\.vscode\extensions\ltex-plus.vscode-ltex-plus-15.7.1\lib\ltex-ls-plus-18.7.0\jdk-21.0.10+7\bin\zip.dll
Event: 0.101 Loaded shared library c:\Users\nhiph\.vscode\extensions\ltex-plus.vscode-ltex-plus-15.7.1\lib\ltex-ls-plus-18.7.0\jdk-21.0.10+7\bin\jsvml.dll
Event: 0.274 Loaded shared library C:\Users\nhiph\.vscode\extensions\ltex-plus.vscode-ltex-plus-15.7.1\lib\ltex-ls-plus-18.7.0\jdk-21.0.10+7\bin\net.dll
Event: 0.279 Loaded shared library C:\Users\nhiph\.vscode\extensions\ltex-plus.vscode-ltex-plus-15.7.1\lib\ltex-ls-plus-18.7.0\jdk-21.0.10+7\bin\nio.dll
Event: 0.288 Loaded shared library C:\Users\nhiph\.vscode\extensions\ltex-plus.vscode-ltex-plus-15.7.1\lib\ltex-ls-plus-18.7.0\jdk-21.0.10+7\bin\zip.dll
Event: 0.439 Loaded shared library C:\Users\nhiph\.vscode\extensions\ltex-plus.vscode-ltex-plus-15.7.1\lib\ltex-ls-plus-18.7.0\jdk-21.0.10+7\bin\jimage.dll
Event: 0.571 Loaded shared library C:\Users\nhiph\AppData\Local\Temp\jansi-2.4.3-c94820351033a8ed-jansi.dll
Event: 0.595 Loaded shared library c:\Users\nhiph\.vscode\extensions\ltex-plus.vscode-ltex-plus-15.7.1\lib\ltex-ls-plus-18.7.0\jdk-21.0.10+7\bin\verify.dll

Deoptimization events (20 events):
Event: 8.677 Thread 0x000001fd731f5f10 DEOPT PACKING pc=0x000001fd07ddbe24 sp=0x000000ee334fdaf0
Event: 8.677 Thread 0x000001fd731f5f10 DEOPT UNPACKING pc=0x000001fd075843a2 sp=0x000000ee334fd818 mode 2
Event: 8.753 Thread 0x000001fd731f5f10 DEOPT PACKING pc=0x000001fd00628c76 sp=0x000000ee334fe420
Event: 8.753 Thread 0x000001fd731f5f10 DEOPT UNPACKING pc=0x000001fd07584b42 sp=0x000000ee334fd8b0 mode 0
Event: 8.835 Thread 0x000001fd731f5f10 Uncommon trap: trap_request=0xffffffbe fr.pc=0x000001fd07dff25c relative=0x000000000000049c
Event: 8.835 Thread 0x000001fd731f5f10 Uncommon trap: reason=profile_predicate action=maybe_recompile pc=0x000001fd07dff25c method=sun.net.www.ParseUtil.firstEncodeIndex(Ljava/lang/String;)I @ 9 c2
Event: 8.835 Thread 0x000001fd731f5f10 DEOPT PACKING pc=0x000001fd07dff25c sp=0x000000ee334fd7f0
Event: 8.835 Thread 0x000001fd731f5f10 DEOPT UNPACKING pc=0x000001fd075843a2 sp=0x000000ee334fd778 mode 2
Event: 8.836 Thread 0x000001fd731f5f10 Uncommon trap: trap_request=0xffffffbe fr.pc=0x000001fd07dff25c relative=0x000000000000049c
Event: 8.836 Thread 0x000001fd731f5f10 Uncommon trap: reason=profile_predicate action=maybe_recompile pc=0x000001fd07dff25c method=sun.net.www.ParseUtil.firstEncodeIndex(Ljava/lang/String;)I @ 9 c2
Event: 8.836 Thread 0x000001fd731f5f10 DEOPT PACKING pc=0x000001fd07dff25c sp=0x000000ee334fd820
Event: 8.836 Thread 0x000001fd731f5f10 DEOPT UNPACKING pc=0x000001fd075843a2 sp=0x000000ee334fd7a8 mode 2
Event: 8.837 Thread 0x000001fd731f5f10 Uncommon trap: trap_request=0xffffffbe fr.pc=0x000001fd07dff25c relative=0x000000000000049c
Event: 8.837 Thread 0x000001fd731f5f10 Uncommon trap: reason=profile_predicate action=maybe_recompile pc=0x000001fd07dff25c method=sun.net.www.ParseUtil.firstEncodeIndex(Ljava/lang/String;)I @ 9 c2
Event: 8.837 Thread 0x000001fd731f5f10 DEOPT PACKING pc=0x000001fd07dff25c sp=0x000000ee334fbfa0
Event: 8.837 Thread 0x000001fd731f5f10 DEOPT UNPACKING pc=0x000001fd075843a2 sp=0x000000ee334fbf28 mode 2
Event: 8.839 Thread 0x000001fd731f5f10 Uncommon trap: trap_request=0xffffffbe fr.pc=0x000001fd07dff25c relative=0x000000000000049c
Event: 8.839 Thread 0x000001fd731f5f10 Uncommon trap: reason=profile_predicate action=maybe_recompile pc=0x000001fd07dff25c method=sun.net.www.ParseUtil.firstEncodeIndex(Ljava/lang/String;)I @ 9 c2
Event: 8.839 Thread 0x000001fd731f5f10 DEOPT PACKING pc=0x000001fd07dff25c sp=0x000000ee334fce20
Event: 8.839 Thread 0x000001fd731f5f10 DEOPT UNPACKING pc=0x000001fd075843a2 sp=0x000000ee334fcda8 mode 2

Classes loaded (20 events):
Event: 5.685 Loading class sun/text/CompactByteArray
Event: 5.685 Loading class sun/text/CompactByteArray done
Event: 5.686 Loading class sun/text/SupplementaryCharacterData
Event: 5.686 Loading class sun/text/SupplementaryCharacterData done
Event: 5.686 Loading class java/text/BreakIterator$BreakIteratorCache
Event: 5.686 Loading class java/text/BreakIterator$BreakIteratorCache done
Event: 5.686 Loading class java/text/StringCharacterIterator
Event: 5.688 Loading class java/text/CharacterIterator
Event: 5.688 Loading class java/text/CharacterIterator done
Event: 5.688 Loading class java/text/StringCharacterIterator done
Event: 6.308 Loading class java/net/URISyntaxException
Event: 6.308 Loading class java/net/URISyntaxException done
Event: 6.310 Loading class java/util/concurrent/ConcurrentLinkedQueue
Event: 6.311 Loading class java/util/concurrent/ConcurrentLinkedQueue done
Event: 6.311 Loading class java/util/concurrent/ConcurrentLinkedQueue$Node
Event: 6.311 Loading class java/util/concurrent/ConcurrentLinkedQueue$Node done
Event: 8.289 Loading class java/io/SequenceInputStream
Event: 8.289 Loading class java/io/SequenceInputStream done
Event: 8.839 Loading class java/util/regex/PatternSyntaxException
Event: 8.839 Loading class java/util/regex/PatternSyntaxException done

Classes unloaded (0 events):
No events

Classes redefined (0 events):
No events

Internal exceptions (20 events):
Event: 0.575 Thread 0x000001fd731f5f10 Exception <a 'java/lang/NullPointerException'{0x0000000083868b80}> (0x0000000083868b80) 
thrown [s\src\hotspot\share\interpreter\linkResolver.cpp, line 1372]
Event: 0.575 Thread 0x000001fd731f5f10 Exception <a 'java/lang/NullPointerException'{0x0000000083868e60}> (0x0000000083868e60) 
thrown [s\src\hotspot\share\interpreter\linkResolver.cpp, line 1372]
Event: 0.575 Thread 0x000001fd731f5f10 Exception <a 'java/lang/NullPointerException'{0x0000000083869140}> (0x0000000083869140) 
thrown [s\src\hotspot\share\interpreter\linkResolver.cpp, line 1372]
Event: 0.575 Thread 0x000001fd731f5f10 Exception <a 'java/lang/NullPointerException'{0x0000000083869420}> (0x0000000083869420) 
thrown [s\src\hotspot\share\interpreter\linkResolver.cpp, line 1372]
Event: 0.868 Thread 0x000001fd731f5f10 Exception <a 'java/lang/NoSuchMethodError'{0x00000000831d1f58}: 'int java.lang.invoke.DirectMethodHandle$Holder.invokeSpecial(java.lang.Object, java.lang.Object, java.lang.Object)'> (0x00000000831d1f58) 
thrown [s\src\hotspot\share\interpreter\linkResolver.cpp, line 773]
Event: 0.869 Thread 0x000001fd731f5f10 Exception <a 'java/lang/NoSuchMethodError'{0x00000000831dc810}: 'void java.lang.invoke.DelegatingMethodHandle$Holder.reinvoke_L(java.lang.Object, java.lang.Object, int)'> (0x00000000831dc810) 
thrown [s\src\hotspot\share\interpreter\linkResolver.cpp, line 773]
Event: 0.870 Thread 0x000001fd731f5f10 Exception <a 'java/lang/NoSuchMethodError'{0x00000000831e31b0}: 'int java.lang.invoke.Invokers$Holder.invokeExact_MT(java.lang.Object, java.lang.Object, java.lang.Object)'> (0x00000000831e31b0) 
thrown [s\src\hotspot\share\interpreter\linkResolver.cpp, line 773]
Event: 0.873 Thread 0x000001fd731f5f10 Exception <a 'java/lang/NoSuchMethodError'{0x00000000831f3af0}: 'void java.lang.invoke.Invokers$Holder.invokeExact_MT(java.lang.Object, java.lang.Object, java.lang.Object, java.lang.Object)'> (0x00000000831f3af0) 
thrown [s\src\hotspot\share\interpreter\linkResolver.cpp, line 773]
Event: 0.931 Thread 0x000001fd731f5f10 Exception <a 'java/lang/NoSuchMethodError'{0x0000000082f59938}: 'void java.lang.invoke.DirectMethodHandle$Holder.invokeVirtual(java.lang.Object, java.lang.Object)'> (0x0000000082f59938) 
thrown [s\src\hotspot\share\interpreter\linkResolver.cpp, line 773]
Event: 1.118 Thread 0x000001fd731f5f10 Exception <a 'java/lang/NoSuchMethodError'{0x0000000082968990}: 'java.lang.Object java.lang.invoke.DirectMethodHandle$Holder.invokeStaticInit(java.lang.Object, java.lang.Object, java.lang.Object)'> (0x0000000082968990) 
thrown [s\src\hotspot\share\interpreter\linkResolver.cpp, line 773]
Event: 1.126 Thread 0x000001fd731f5f10 Exception <a 'java/lang/NoClassDefFoundError'{0x00000000829906e0}: org/apache/logging/log4j/spi/LoggerAdapter> (0x00000000829906e0) 
thrown [s\src\hotspot\share\classfile\systemDictionary.cpp, line 301]
Event: 1.198 Thread 0x000001fd731f5f10 Exception <a 'java/lang/ClassNotFoundException'{0x0000000083f5ed20}: com/sun/org/apache/xerces/internal/impl/xpath/regex/spi/messageProvider> (0x0000000083f5ed20) 
thrown [s\src\hotspot\share\classfile\systemDictionary.cpp, line 312]
Event: 1.479 Thread 0x000001fd731f5f10 Exception <a 'java/lang/NoSuchMethodError'{0x00000000836c8868}: 'java.lang.Object java.lang.invoke.DirectMethodHandle$Holder.invokeInterface(java.lang.Object, java.lang.Object)'> (0x00000000836c8868) 
thrown [s\src\hotspot\share\interpreter\linkResolver.cpp, line 773]
Event: 1.480 Thread 0x000001fd731f5f10 Exception <a 'java/lang/IncompatibleClassChangeError'{0x00000000836cbe40}: Found class java.lang.Object, but interface was expected> (0x00000000836cbe40) 
thrown [s\src\hotspot\share\interpreter\linkResolver.cpp, line 840]
Event: 1.657 Thread 0x000001fd731f5f10 Exception <a 'java/lang/NoSuchMethodError'{0x0000000083f2a010}: 'java.lang.Object java.lang.invoke.Invokers$Holder.invokeExact_MT(java.lang.Object, java.lang.Object, java.lang.Object, java.lang.Object, java.lang.Object, java.lang.Object)'> (0x0000000083f2a010) 
thrown [s\src\hotspot\share\interpreter\linkResolver.cpp, line 773]
Event: 1.687 Thread 0x000001fd731f5f10 Exception <a 'java/lang/NoSuchMethodError'{0x0000000083e1b4c8}: 'int java.lang.invoke.DirectMethodHandle$Holder.invokeVirtual(java.lang.Object, java.lang.Object, java.lang.Object)'> (0x0000000083e1b4c8) 
thrown [s\src\hotspot\share\interpreter\linkResolver.cpp, line 773]
Event: 1.722 Thread 0x000001fd731f5f10 Exception <a 'java/lang/NoSuchMethodError'{0x0000000083b02560}: 'void java.lang.invoke.DirectMethodHandle$Holder.invokeInterface(java.lang.Object, java.lang.Object, java.lang.Object)'> (0x0000000083b02560) 
thrown [s\src\hotspot\share\interpreter\linkResolver.cpp, line 773]
Event: 1.754 Thread 0x000001fd731f5f10 Exception <a 'java/lang/NoSuchMethodError'{0x0000000083be8280}: 'java.lang.Object java.lang.invoke.DirectMethodHandle$Holder.invokeVirtual(java.lang.Object, java.lang.Object, java.lang.Object)'> (0x0000000083be8280) 
thrown [s\src\hotspot\share\interpreter\linkResolver.cpp, line 773]
Event: 5.075 Thread 0x000001fd731f5f10 Implicit null exception at 0x000001fd07c9e581 to 0x000001fd07c9e5b4
Event: 8.423 Thread 0x000001fd731f5f10 Exception <a 'java/lang/NoSuchMethodError'{0x000000008c465d88}: 'java.lang.Object java.lang.invoke.DirectMethodHandle$Holder.invokeStaticInit(java.lang.Object, java.lang.Object, java.lang.Object, java.lang.Object)'> (0x000000008c465d88) 
thrown [s\src\hotspot\share\interpreter\linkResolver.cpp, line 773]

ZGC Phase Switch (0 events):
No events

VM Operations (20 events):
Event: 6.329 Executing safepoint VM operation: G1PauseRemark done
Event: 6.391 Executing safepoint VM operation: G1PauseCleanup
Event: 6.392 Executing safepoint VM operation: G1PauseCleanup done
Event: 6.625 Executing safepoint VM operation: G1CollectForAllocation (G1 Evacuation Pause)
Event: 6.654 Executing safepoint VM operation: G1CollectForAllocation (G1 Evacuation Pause) done
Event: 7.032 Executing safepoint VM operation: G1CollectForAllocation (G1 Evacuation Pause)
Event: 7.066 Executing safepoint VM operation: G1CollectForAllocation (G1 Evacuation Pause) done
Event: 7.312 Executing non-safepoint VM operation: HandshakeAllThreads (Deoptimize)
Event: 7.312 Executing non-safepoint VM operation: HandshakeAllThreads (Deoptimize) done
Event: 7.522 Executing safepoint VM operation: G1CollectForAllocation (G1 Evacuation Pause)
Event: 7.553 Executing safepoint VM operation: G1CollectForAllocation (G1 Evacuation Pause) done
Event: 7.952 Executing safepoint VM operation: G1CollectForAllocation (G1 Evacuation Pause)
Event: 7.977 Executing safepoint VM operation: G1CollectForAllocation (G1 Evacuation Pause) done
Event: 8.245 Executing non-safepoint VM operation: HandshakeAllThreads (Deoptimize)
Event: 8.245 Executing non-safepoint VM operation: HandshakeAllThreads (Deoptimize) done
Event: 8.410 Executing non-safepoint VM operation: HandshakeAllThreads (Deoptimize)
Event: 8.410 Executing non-safepoint VM operation: HandshakeAllThreads (Deoptimize) done
Event: 8.805 Executing safepoint VM operation: G1CollectForAllocation (G1 Evacuation Pause)
Event: 8.831 Executing safepoint VM operation: G1CollectForAllocation (G1 Evacuation Pause) done
Event: 8.845 Executing safepoint VM operation: G1TryInitiateConcMark (G1 Humongous Allocation)

Memory protections (0 events):
No events

Nmethod flushes (20 events):
Event: 6.328 Thread 0x000001fd7cfca990 flushing  nmethod 0x000001fd00083710
Event: 6.328 Thread 0x000001fd7cfca990 flushing  nmethod 0x000001fd00085390
Event: 6.328 Thread 0x000001fd7cfca990 flushing  nmethod 0x000001fd000d3410
Event: 6.328 Thread 0x000001fd7cfca990 flushing  nmethod 0x000001fd000f5210
Event: 6.328 Thread 0x000001fd7cfca990 flushing  nmethod 0x000001fd00109e10
Event: 6.328 Thread 0x000001fd7cfca990 flushing  nmethod 0x000001fd00137610
Event: 6.328 Thread 0x000001fd7cfca990 flushing  nmethod 0x000001fd0013fe10
Event: 6.328 Thread 0x000001fd7cfca990 flushing  nmethod 0x000001fd00141310
Event: 6.328 Thread 0x000001fd7cfca990 flushing  nmethod 0x000001fd00177590
Event: 6.328 Thread 0x000001fd7cfca990 flushing  nmethod 0x000001fd00178010
Event: 6.328 Thread 0x000001fd7cfca990 flushing  nmethod 0x000001fd00178a10
Event: 6.328 Thread 0x000001fd7cfca990 flushing  nmethod 0x000001fd00178f90
Event: 6.328 Thread 0x000001fd7cfca990 flushing  nmethod 0x000001fd00179a10
Event: 6.328 Thread 0x000001fd7cfca990 flushing  nmethod 0x000001fd0018d410
Event: 6.328 Thread 0x000001fd7cfca990 flushing  nmethod 0x000001fd0018e010
Event: 6.328 Thread 0x000001fd7cfca990 flushing  nmethod 0x000001fd001b5690
Event: 6.328 Thread 0x000001fd7cfca990 flushing  nmethod 0x000001fd001ba810
Event: 6.328 Thread 0x000001fd7cfca990 flushing  nmethod 0x000001fd0027fe90
Event: 6.328 Thread 0x000001fd7cfca990 flushing  nmethod 0x000001fd00280590
Event: 6.328 Thread 0x000001fd7cfca990 flushing  nmethod 0x000001fd0028de90

Events (19 events):
Event: 0.017 Thread 0x000001fd731f5f10 Thread added: 0x000001fd731f5f10
Event: 0.095 Thread 0x000001fd731f5f10 Thread added: 0x000001fd7d5a9480
Event: 0.096 Thread 0x000001fd731f5f10 Thread added: 0x000001fd7d5ab020
Event: 0.098 Thread 0x000001fd731f5f10 Thread added: 0x000001fd7d5b4400
Event: 0.098 Thread 0x000001fd731f5f10 Thread added: 0x000001fd7d589a70
Event: 0.098 Thread 0x000001fd731f5f10 Thread added: 0x000001fd7d58a4d0
Event: 0.098 Thread 0x000001fd731f5f10 Thread added: 0x000001fd7d58af30
Event: 0.098 Thread 0x000001fd731f5f10 Thread added: 0x000001fd7d58dcd0
Event: 0.098 Thread 0x000001fd731f5f10 Thread added: 0x000001fd7d5c4fa0
Event: 0.257 Thread 0x000001fd731f5f10 Thread added: 0x000001fd7d75aaf0
Event: 0.265 Thread 0x000001fd731f5f10 Thread added: 0x000001fd7d767f40
Event: 0.321 Thread 0x000001fd7d5c4fa0 Thread added: 0x000001fd7dafb780
Event: 0.434 Thread 0x000001fd731f5f10 Thread added: 0x000001fd7dd78380
Event: 0.452 Thread 0x000001fd7dd78380 Thread exited: 0x000001fd7dd78380
Event: 0.568 Thread 0x000001fd7dafb780 Thread exited: 0x000001fd7dafb780
Event: 0.645 Thread 0x000001fd7d58dcd0 Thread added: 0x000001fd7dafbe50
Event: 0.915 Thread 0x000001fd7dafbe50 Thread exited: 0x000001fd7dafbe50
Event: 0.995 Thread 0x000001fd7d5c4fa0 Thread added: 0x000001fd7dafd2c0
Event: 1.005 Thread 0x000001fd7d5c4fa0 Thread added: 0x000001fd7dafa9e0


Dynamic libraries:
0x00007ff6dfe90000 - 0x00007ff6dfe9e000 	c:\Users\nhiph\.vscode\extensions\ltex-plus.vscode-ltex-plus-15.7.1\lib\ltex-ls-plus-18.7.0\jdk-21.0.10+7\bin\java.exe
0x00007ffff0800000 - 0x00007ffff0a66000 	C:\WINDOWS\SYSTEM32\ntdll.dll
0x00007fffefb90000 - 0x00007fffefc59000 	C:\WINDOWS\System32\KERNEL32.DLL
0x00007fffedf10000 - 0x00007fffee310000 	C:\WINDOWS\System32\KERNELBASE.dll
0x00007fffee3d0000 - 0x00007fffee51c000 	C:\WINDOWS\System32\ucrtbase.dll
0x00007fffcab60000 - 0x00007fffcab78000 	c:\Users\nhiph\.vscode\extensions\ltex-plus.vscode-ltex-plus-15.7.1\lib\ltex-ls-plus-18.7.0\jdk-21.0.10+7\bin\jli.dll
0x00007fffca830000 - 0x00007fffca84e000 	c:\Users\nhiph\.vscode\extensions\ltex-plus.vscode-ltex-plus-15.7.1\lib\ltex-ls-plus-18.7.0\jdk-21.0.10+7\bin\VCRUNTIME140.dll
0x00007fffee530000 - 0x00007fffee6f7000 	C:\WINDOWS\System32\USER32.dll
0x00007fffedae0000 - 0x00007fffedb07000 	C:\WINDOWS\System32\win32u.dll
0x00007fffd6a60000 - 0x00007fffd6cf2000 	C:\WINDOWS\WinSxS\amd64_microsoft.windows.common-controls_6595b64144ccf1df_6.0.26100.8737_none_3e092eaee333b772\COMCTL32.dll
0x00007ffff05c0000 - 0x00007ffff05eb000 	C:\WINDOWS\System32\GDI32.dll
0x00007fffee730000 - 0x00007fffee7d9000 	C:\WINDOWS\System32\msvcrt.dll
0x00007fffedde0000 - 0x00007fffedf09000 	C:\WINDOWS\System32\gdi32full.dll
0x00007fffee320000 - 0x00007fffee3c3000 	C:\WINDOWS\System32\msvcp_win.dll
0x00007ffff0170000 - 0x00007ffff01a2000 	C:\WINDOWS\System32\IMM32.DLL
0x00007fffe8120000 - 0x00007fffe812c000 	c:\Users\nhiph\.vscode\extensions\ltex-plus.vscode-ltex-plus-15.7.1\lib\ltex-ls-plus-18.7.0\jdk-21.0.10+7\bin\vcruntime140_1.dll
0x00007fffc0f40000 - 0x00007fffc0fcd000 	c:\Users\nhiph\.vscode\extensions\ltex-plus.vscode-ltex-plus-15.7.1\lib\ltex-ls-plus-18.7.0\jdk-21.0.10+7\bin\msvcp140.dll
0x00007fff1b130000 - 0x00007fff1bed1000 	c:\Users\nhiph\.vscode\extensions\ltex-plus.vscode-ltex-plus-15.7.1\lib\ltex-ls-plus-18.7.0\jdk-21.0.10+7\bin\server\jvm.dll
0x00007ffff0400000 - 0x00007ffff04b7000 	C:\WINDOWS\System32\ADVAPI32.dll
0x00007fffefc60000 - 0x00007fffefd0a000 	C:\WINDOWS\System32\sechost.dll
0x00007ffff01e0000 - 0x00007ffff02f8000 	C:\WINDOWS\System32\RPCRT4.dll
0x00007ffff0530000 - 0x00007ffff05b0000 	C:\WINDOWS\System32\WS2_32.dll
0x00007fffed880000 - 0x00007fffed8de000 	C:\WINDOWS\SYSTEM32\POWRPROF.dll
0x00007fffe4270000 - 0x00007fffe42a6000 	C:\WINDOWS\SYSTEM32\WINMM.dll
0x00007fffd8910000 - 0x00007fffd891b000 	C:\WINDOWS\SYSTEM32\VERSION.dll
0x00007fffed860000 - 0x00007fffed874000 	C:\WINDOWS\SYSTEM32\UMPDC.dll
0x00007fffec700000 - 0x00007fffec71b000 	C:\WINDOWS\SYSTEM32\kernel.appcore.dll
0x00007fffdd070000 - 0x00007fffdd07a000 	c:\Users\nhiph\.vscode\extensions\ltex-plus.vscode-ltex-plus-15.7.1\lib\ltex-ls-plus-18.7.0\jdk-21.0.10+7\bin\jimage.dll
0x00007fffeaf10000 - 0x00007fffeb152000 	C:\WINDOWS\SYSTEM32\DBGHELP.DLL
0x00007fffee7e0000 - 0x00007fffeeb63000 	C:\WINDOWS\System32\combase.dll
0x00007fffeeb90000 - 0x00007fffeec69000 	C:\WINDOWS\System32\OLEAUT32.dll
0x00007fffcf4c0000 - 0x00007fffcf4fb000 	C:\WINDOWS\SYSTEM32\dbgcore.DLL
0x00007fffeda20000 - 0x00007fffedacc000 	C:\WINDOWS\System32\bcryptPrimitives.dll
0x00007fffca810000 - 0x00007fffca830000 	c:\Users\nhiph\.vscode\extensions\ltex-plus.vscode-ltex-plus-15.7.1\lib\ltex-ls-plus-18.7.0\jdk-21.0.10+7\bin\java.dll
0x00007fffca7c0000 - 0x00007fffca7d8000 	c:\Users\nhiph\.vscode\extensions\ltex-plus.vscode-ltex-plus-15.7.1\lib\ltex-ls-plus-18.7.0\jdk-21.0.10+7\bin\zip.dll
0x00007fffeec70000 - 0x00007fffef402000 	C:\WINDOWS\System32\SHELL32.dll
0x00007fffeb4e0000 - 0x00007fffebd72000 	C:\WINDOWS\SYSTEM32\windows.storage.dll
0x00007ffff0300000 - 0x00007ffff03f7000 	C:\WINDOWS\System32\SHCORE.dll
0x00007ffff04c0000 - 0x00007ffff0527000 	C:\WINDOWS\System32\shlwapi.dll
0x00007fffed940000 - 0x00007fffed969000 	C:\WINDOWS\SYSTEM32\profapi.dll
0x00007fffc0e60000 - 0x00007fffc0f37000 	c:\Users\nhiph\.vscode\extensions\ltex-plus.vscode-ltex-plus-15.7.1\lib\ltex-ls-plus-18.7.0\jdk-21.0.10+7\bin\jsvml.dll
0x00007fffdc480000 - 0x00007fffdc490000 	C:\Users\nhiph\.vscode\extensions\ltex-plus.vscode-ltex-plus-15.7.1\lib\ltex-ls-plus-18.7.0\jdk-21.0.10+7\bin\net.dll
0x00007fffdd370000 - 0x00007fffdd499000 	C:\WINDOWS\SYSTEM32\WINHTTP.dll
0x00007fffeccb0000 - 0x00007fffecd1c000 	C:\WINDOWS\system32\mswsock.dll
0x00007fffca7a0000 - 0x00007fffca7b6000 	C:\Users\nhiph\.vscode\extensions\ltex-plus.vscode-ltex-plus-15.7.1\lib\ltex-ls-plus-18.7.0\jdk-21.0.10+7\bin\nio.dll
0x00007fffc1f00000 - 0x00007fffc1f24000 	C:\Users\nhiph\AppData\Local\Temp\jansi-2.4.3-c94820351033a8ed-jansi.dll
0x00007fffdad60000 - 0x00007fffdad70000 	c:\Users\nhiph\.vscode\extensions\ltex-plus.vscode-ltex-plus-15.7.1\lib\ltex-ls-plus-18.7.0\jdk-21.0.10+7\bin\verify.dll

JVMTI agents: none

dbghelp: loaded successfully - version: 4.0.5 - missing functions: none
symbol engine: initialized successfully - sym options: 0x614 - pdb path: .;c:\Users\nhiph\.vscode\extensions\ltex-plus.vscode-ltex-plus-15.7.1\lib\ltex-ls-plus-18.7.0\jdk-21.0.10+7\bin;C:\WINDOWS\SYSTEM32;C:\WINDOWS\WinSxS\amd64_microsoft.windows.common-controls_6595b64144ccf1df_6.0.26100.8737_none_3e092eaee333b772;c:\Users\nhiph\.vscode\extensions\ltex-plus.vscode-ltex-plus-15.7.1\lib\ltex-ls-plus-18.7.0\jdk-21.0.10+7\bin\server;C:\Users\nhiph\AppData\Local\Temp

VM Arguments:
jvm_args: -Xms64m -Xmx2048m -Dapp.name=ltex-ls-plus -Dapp.repo=c:\Users\nhiph\.vscode\extensions\ltex-plus.vscode-ltex-plus-15.7.1\lib\ltex-ls-plus-18.7.0\lib -Dapp.home=c:\Users\nhiph\.vscode\extensions\ltex-plus.vscode-ltex-plus-15.7.1\lib\ltex-ls-plus-18.7.0 -Dbasedir=c:\Users\nhiph\.vscode\extensions\ltex-plus.vscode-ltex-plus-15.7.1\lib\ltex-ls-plus-18.7.0 
java_command: org.bsplines.ltexls.LtexLanguageServerLauncher
java_class_path (initial): c:\Users\nhiph\.vscode\extensions\ltex-plus.vscode-ltex-plus-15.7.1\lib\ltex-ls-plus-18.7.0\etc;c:\Users\nhiph\.vscode\extensions\ltex-plus.vscode-ltex-plus-15.7.1\lib\ltex-ls-plus-18.7.0\lib\aho-corasick-double-array-trie-1.2.2.jar;c:\Users\nhiph\.vscode\extensions\ltex-plus.vscode-ltex-plus-15.7.1\lib\ltex-ls-plus-18.7.0\lib\angus-activation-2.0.2.jar;c:\Users\nhiph\.vscode\extensions\ltex-plus.vscode-ltex-plus-15.7.1\lib\ltex-ls-plus-18.7.0\lib\animal-sniffer-annotations-1.24.jar;c:\Users\nhiph\.vscode\extensions\ltex-plus.vscode-ltex-plus-15.7.1\lib\ltex-ls-plus-18.7.0\lib\annotations-12.0.jar;c:\Users\nhiph\.vscode\extensions\ltex-plus.vscode-ltex-plus-15.7.1\lib\ltex-ls-plus-18.7.0\lib\annotations-13.0.jar;c:\Users\nhiph\.vscode\extensions\ltex-plus.vscode-ltex-plus-15.7.1\lib\ltex-ls-plus-18.7.0\lib\annotations-4.1.1.4.jar;c:\Users\nhiph\.vscode\extensions\ltex-plus.vscode-ltex-plus-15.7.1\lib\ltex-ls-plus-18.7.0\lib\asturian-pos-dict-0.1.jar;c:\Users\nhiph\.vscode\extensions\ltex-plus.vscode-ltex-plus-15.7.1\lib\ltex-ls-plus-18.7.0\lib\catalan-pos-dict-3.3.jar;c:\Users\nhiph\.vscode\extensions\ltex-plus.vscode-ltex-plus-15.7.1\lib\ltex-ls-plus-18.7.0\lib\commons-digester-2.1.jar;c:\Users\nhiph\.vscode\extensions\ltex-plus.vscode-ltex-plus-15.7.1\lib\ltex-ls-plus-18.7.0\lib\commons-lang3-3.18.0.jar;c:\Users\nhiph\.vscode\extensions\ltex-plus.vscode-ltex-plus-15.7.1\lib\ltex-ls-plus-18.7.0\lib\commons-logging-1.3.4.jar;c:\Users\nhiph\.vscode\extensions\ltex-plus.vscode-ltex-plus-15.7.1\lib\ltex-ls-plus-18.7.0\lib\commons-pool2-2.12.0.jar;c:\Users\nhiph\.vscode\extensions\ltex-plus.vscode-ltex-plus-15.7.1\lib\ltex-ls-plus-18.7.0\lib\commons-text-1.12.0.jar;c:\Users\nhiph\.vscode\extensions\ltex-plus.vscode-ltex-plus-15.7.1\lib\ltex-ls-plus-18.7.0\lib\commons-validator-1.9.0.jar;c:\Users\nhiph\.vscode\extensions\ltex-plus.vscode-ltex-plus-15.7.1\lib\ltex-ls-plus-18.7.0\lib\dutch-pos-dict-0.1.jar;c:\Users\nhiph\.vscode\extensions\ltex-plus.vscode-ltex-plus-15.7.1\lib\ltex-ls-plus-18.7.0\lib\english-pos-dict-0.6.jar;c:\Users\nhiph\.vscode\extensions\ltex-plus.vscode-ltex-plus-15.7.1\lib\ltex-ls-plus-18.7.0\lib\error_prone_annotations-2.48.0.jar;c:\Users\nhiph\.vscode\extensions\ltex-plus.vscode-ltex-plus-15.7.1\lib\ltex-ls-plus-18.7.0\lib\failureaccess-1.0.3.jar;c:\Users\nhiph\.vscode\extensions\ltex-plus.vscode-ltex-plus-15.7.1\lib\ltex-ls-plus-18.7.0\lib\fastutil-core-8.5.14.jar;c:\Users\nhiph\.vscode\extensions\ltex-plus.vscode-ltex-plus-15.7.1\lib\ltex-ls-plus-18.7.0\lib\flexmark-0.64.8.jar;c:\Users\nhiph\.vscode\extensions\ltex-plus.vscode-ltex-plus-15.7.1\lib\ltex-ls-plus-18.7.0\lib\flexmark-ext-definition-0.64.8.jar;c:\Users\nhiph\.vscode\extensions\ltex-plus.vscode-ltex-plus-15.7.1\lib\ltex-ls-plus-18.7.0\lib\flexmark-ext-gfm-strikethrough-0.64.8.jar;c:\Users\nhiph\.vscode\extensions\ltex-plus.vscode-ltex-plus-15.7.1\lib\ltex-ls-plus-18.7.0\lib\flexmark-ext-gitlab-0.64.8.jar;c:\Users\nhiph\.vscode\extensions\ltex-plus.vscode-ltex-plus-15.7.1\lib\ltex-ls-plus-18.7.0\lib\flexmark-ext-tables-0.64.8.jar;c:\Users\nhiph\.vscode\extensions\ltex-plus.vscode-ltex-plus-15.7.1\lib\ltex-ls-plus-18.7.0\lib\flexmark-ext-yaml-front-matter-0.64.8.jar;c:\Users\nhiph\.vscode\extensions\ltex-plus.vscode-ltex-plus-15.7.1\lib\ltex-ls-plus-18.7.0\lib\flexmark-test-util-0.64.8.jar;c:\Users\nhiph\.vscode\extensions\ltex-plus.vscode-ltex-plus-15.7.1\lib\ltex-ls-plus-18.7.0\lib\flexmark-util-0.64.8.jar;c:\Users\nhiph\.vscode\extensions\ltex-plus.vscode-ltex-plus-15.7.1\lib\ltex-ls-plus-18.7.0\lib\flexmark-util-ast-0.64.8.jar;c:\Users\nhiph\.vscode\extensions\ltex-plus.vscode-ltex-plus-15.7.1\lib\ltex-ls-plus-18.7.0\lib\flexmark-util-builder-0.64.8.jar;c:\Users\nhiph\.vscode\extensions\ltex-plus.vscode-ltex-plus-15.7.1\lib\ltex-ls-plus-18.7.0\lib\flexmark-util-collection-0.64.8.jar;c:\Users\nhiph\.vscode\extensions\ltex-plus.vscode-ltex-plus-15.7.1\lib\ltex-ls-plus-18.7.0\lib\flexmark-util-data-0.64.8.jar;c:\Users\nhiph\.vscode\extensions\ltex-plus.vscode-ltex-plus-15.7.1\lib\ltex-ls-plus-18.7.0\lib\flexmark-util-dependency-0.64.8.jar;c:\Users\nhiph\.vscode\extensions\ltex-plus.vscode-ltex-plus-15.7.1\lib\ltex-ls-plus-18.7.0\lib\flexmark-util-format-0.64.8.jar;c:\Users\nhiph\.vscode\extensions\ltex-plus.vscode-ltex-plus-15.7.1\lib\ltex-ls-plus-18.7.0\lib\flexmark-util-html-0.64.8.jar;c:\Users\nhiph\.vscode\extensions\ltex-plus.vscode-ltex-plus-15.7.1\lib\ltex-ls-plus-18.7.0\lib\flexmark-util-misc-0.64.8.jar;c:\Users\nhiph\.vscode\extensions\ltex-plus.vscode-ltex-plus-15.7.1\lib\ltex-ls-plus-18.7.0\lib\flexmark-util-options-0.64.8.jar;c:\Users\nhiph\.vscode\extensions\ltex-plus.vscode-ltex-plus-15.7.1\lib\ltex-ls-plus-18.7.0\lib\flexmark-util-sequence-0.64.8.jar;c:\Users\nhiph\.vscode\extensions\ltex-plus.vscode-ltex-plus-15.7.1\lib\ltex-ls-plus-18.7.0\lib\flexmark-util-visitor-0.64.8.jar;c:\Users\nhiph\.vscode\extensions\ltex-plus.vscode-ltex-plus-15.7.1\lib\ltex-ls-plus-18.7.0\lib\french-pos-dict-0.7.jar;c:\Users\nhiph\.vscode\extensions\ltex-plus.vscode-ltex-plus-15.7.1\lib\ltex-ls-plus-18.7.0\lib\german-pos-dict-1.2.4.jar;c:\Users\nhiph\.vscode\extensions\ltex-plus.vscode-ltex-plus-15.7.1\lib\ltex-ls-plus-18.7.0\lib\grpc-api-1.75.0.jar;c:\Users\nhiph\.vscode\extensions\ltex-plus.vscode-ltex-plus-15.7.1\lib\ltex-ls-plus-18.7.0\lib\grpc-context-1.75.0.jar;c:\Users\nhiph\.vscode\extensions\ltex-plus.vscode-ltex-plus-15.7.1\lib\ltex-ls-plus-18.7.0\lib\grpc-core-1.75.0.jar;c:\Users\nhiph\.vscode\extensions\ltex-plus.vscode-ltex-plus-15.7.1\lib\ltex-ls-plus-18.7.0\lib\grpc-netty-shaded-1.75.0.jar;c:\Users\nhiph\.vscode\extensions\ltex-plus.vscode-ltex-plus-15.7.1\lib\ltex-ls-plus-18.7.0\lib\grpc-protobuf-1.75.0.jar;c:\Users\nhiph\.vscode\extensions\ltex-plus.vscode-ltex-plus-15.7.1\lib\ltex-ls-plus-18.7.0\lib\grpc-protobuf-lite-1.75.0.jar;c:\Users\nhiph\.vscode\extensions\ltex-plus.vscode-ltex-plus-15.7.1\lib\ltex-ls-plus-18.7.0\lib\grpc-stub-1.75.0.jar;c:\Users\nhiph\.vscode\extensions\ltex-plus.vscode-ltex-plus-15.7.1\lib\ltex-ls-plus-18.7.0\lib\grpc-util-1.75.0.jar;c:\Users\nhiph\.vscode\extensions\ltex-plus.vscode-ltex-plus-15.7.1\lib\ltex-ls-plus-18.7.0\lib\gson-2.14.0.jar;c:\Users\nhiph\.vscode\extensions\ltex-plus.vscode-ltex-plus-15.7.1\lib\ltex-ls-plus-18.7.0\lib\guava-33.5.0-jre.jar;c:\Users\nhiph\.vscode\extensions\ltex-plus.vscode-ltex-plus-15.7.1\lib\ltex-ls-plus-18.7.0\lib\hamcrest-core-1.3.jar;c:\Users\nhiph\.vscode\extensions\ltex-plus.vscode-ltex-plus-15.7.1\lib\ltex-ls-plus-18.7.0\lib\hanlp-portable-1.8.2.jar;c:\Users\nhiph\.vscode\extensions\ltex-plus.vscode-ltex-plus-15.7.1\lib\ltex-ls-plus-18.7.0\lib\HdrHistogram-2.1.12.jar;c:\Users\nhiph\.vscode\extensions\ltex-plus.vscode-ltex-plus-15.7.1\lib\ltex-ls-plus-18.7.0\lib\hppc-0.8.2.jar;c:\Users\nhiph\.vscode\extensions\ltex-plus.vscode-ltex-plus-15.7.1\lib\ltex-ls-plus-18.7.0\lib\hunspell-2.1.2.jar;c:\Users\nhiph\.vscode\extensions\ltex-plus.vscode-ltex-plus-15.7.1\lib\ltex-ls-plus-18.7.0\lib\icu4j-77.1.jar;c:\Users\nhiph\.vscode\extensions\ltex-plus.vscode-ltex-plus-15.7.1\lib\ltex-ls-plus-18.7.0\lib\indriya-1.3.jar;c:\Users\nhiph\.vscode\extensions\ltex-plus.vscode-ltex-plus-15.7.1\lib\ltex-ls-plus-18.7.0\lib\istack-commons-runtime-4.1.2.jar;c:\Users\nhiph\.vscode\extensions\ltex-plus.vscode-ltex-plus-15.7.1\lib\ltex-ls-plus-18.7.0\lib\j2objc-annotations-3.1.jar;c:\Users\nhiph\.vscode\extensions\ltex-plus.vscode-ltex-plus-15.7.1\lib\ltex-ls-plus-18.7.0\lib\jackson-annotations-2.18.0.jar;c:\Users\nhiph\.vscode\extensions\ltex-plus.vscode-ltex-plus-15.7.1\lib\ltex-ls-plus-18.7.0\lib\jackson-core-2.18.0.jar;c:\Users\nhiph\.vscode\extensions\ltex-plus.vscode-ltex-plus-15.7.1\lib\ltex-ls-plus-18.7.0\lib\jackson-databind-2.18.0.jar;c:\Users\nhiph\.vscode\extensions\ltex-plus.vscode-ltex-plus-15.7.1\lib\ltex-ls-plus-18.7.0\lib\jakarta.activation-1.2.2.jar;c:\Users\nhiph\.vscode\extensions\ltex-plus.vscode-ltex-plus-15.7.1\lib\ltex-ls-plus-18.7.0\lib\jakarta.activation-api-2.1.3.jar;c:\Users\nhiph\.vscode\extensions\ltex-plus.vscode-ltex-plus-15.7.1\lib\ltex-ls-plus-18.7.0\lib\jakarta.xml.bind-api-2.3.3.jar;c:\Users\nhiph\.vscode\extensions\ltex-plus.vscode-ltex-plus-15.7.1\lib\ltex-ls-plus-18.7.0\lib\jansi-2.4.3.jar;c:\Users\nhiph\.vscode\extensions\ltex-plus.vscode-ltex-plus-15.7.1\lib\ltex-ls-plus-18.7.0\lib\java-diff-utils-4.12.jar;c:\Users\nhiph\.vscode\extensions\ltex-plus.vscode-ltex-plus-15.7.1\lib\ltex-ls-plus-18.7.0\lib\javax.activation-api-1.2.0.jar;c:\Users\nhiph\.vscode\extensions\ltex-plus.vscode-ltex-plus-15.7.1\lib\ltex-ls-plus-18.7.0\lib\javax.annotation-api-1.3.2.jar;c:\Users\nhiph\.vscode\extensions\ltex-plus.vscode-ltex-plus-15.7.1\lib\ltex-ls-plus-18.7.0\lib\jaxb-api-2.3.1.jar;c:\Users\nhiph\.vscode\extensions\ltex-plus.vscode-ltex-plus-15.7.1\lib\ltex-ls-plus-18.7.0\lib\jaxb-core-2.3.0.1.jar;c:\Users\nhiph\.vscode\extensions\ltex-plus.vscode-ltex-plus-15.7.1\lib\ltex-ls-plus-18.7.0\lib\jaxb-core-4.0.5.jar;c:\Users\nhiph\.vscode\extensions\ltex-plus.vscode-ltex-plus-15.7.1\lib\ltex-ls-plus-18.7.0\lib\jaxb-impl-2.3.3.jar;c:\Users\nhiph\.vscode\extensions\ltex-plus.vscode-ltex-plus-15.7.1\lib\ltex-ls-plus-18.7.0\lib\jaxb-runtime-4.0.5.jar;c:\Users\nhiph\.vscode\extensions\ltex-plus.vscode-ltex-plus-15.7.1\lib\ltex-ls-plus-18.7.0\lib\jna-5.12.1.jar;c:\Users\nhiph\.vscode\extensions\ltex-plus.vscode-ltex-plus-15.7.1\lib\ltex-ls-plus-18.7.0\lib\jna-platform-5.12.1.jar;c:\Users\nhiph\.vscode\extensions\ltex-plus.vscode-ltex-plus-15.7.1\lib\ltex-ls-plus-18.7.0\lib\json-20240303.jar;c:\Users\nhiph\.vscode\extensions\ltex-plus.vscode-ltex-plus-15.7.1\lib\ltex-ls-plus-18.7.0\lib\jsonic-1.2.11.jar;c:\Users\nhiph\.vscode\extensions\ltex-plus.vscode-ltex-plus-15.7.1\lib\ltex-ls-plus-18.7.0\lib\jspecify-1.0.0.jar;c:\Users\nhiph\.vscode\extensions\ltex-plus.vscode-ltex-plus-15.7.1\lib\ltex-ls-plus-18.7.0\lib\jsr305-3.0.2.jar;c:\Users\nhiph\.vscode\extensions\ltex-plus.vscode-ltex-plus-15.7.1\lib\ltex-ls-plus-18.7.0\lib\junit-4.13.2.jar;c:\Users\nhiph\.vscode\extensions\ltex-plus.vscode-ltex-plus-15.7.1\lib\ltex-ls-plus-18.7.0\lib\jwordsplitter-4.7.jar;c:\Users\nhiph\.vscode\extensions\ltex-plus.vscode-ltex-plus-15.7.1\lib\ltex-ls-plus-18.7.0\lib\kotlin-stdlib-2.3.21.jar;c:\Users\nhiph\.vscode\extensions\ltex-plus.vscode-ltex-plus-15.7.1\lib\ltex-ls-plus-18.7.0\lib\language-all-6.8.jar;c:\Users\nhiph\.vscode\extensions\ltex-plus.vscode-ltex-plus-15.7.1\lib\ltex-ls-plus-18.7.0\lib\language-ar-6.8.jar;c:\Users\nhiph\.vscode\extensions\ltex-plus.vscode-ltex-plus-15.7.1\lib\ltex-ls-plus-18.7.0\lib\language-ast-6.8.jar;c:\Users\nhiph\.vscode\extensions\ltex-plus.vscode-ltex-plus-15.7.1\lib\ltex-ls-plus-18.7.0\lib\language-be-6.8.jar;c:\Users\nhiph\.vscode\extensions\ltex-plus.vscode-ltex-plus-15.7.1\lib\ltex-ls-plus-18.7.0\lib\language-br-6.8.jar;c:\Users\nhiph\.vscode\extensions\ltex-plus.vscode-ltex-plus-15.7.1\lib\ltex-ls-plus-18.7.0\lib\language-ca-6.8.jar;c:\Users\nhiph\.vscode\extensions\ltex-plus.vscode-ltex-plus-15.7.1\lib\ltex-ls-plus-18.7.0\lib\language-crh-6.8.jar;c:\Users\nhiph\.vscode\extensions\ltex-plus.vscode-ltex-plus-15.7.1\lib\ltex-ls-plus-18.7.0\lib\language-da-6.8.jar;c:\Users\nhiph\.vscode\extensions\ltex-plus.vscode-ltex-plus-15.7.1\lib\ltex-ls-plus-18.7.0\lib\language-de-6.8.jar;c:\Users\nhiph\.vscode\extensions\ltex-plus.vscode-ltex-plus-15.7.1\lib\ltex-ls-plus-18.7.0\lib\language-de-DE-x-simple-language-6.8.jar;c:\Users\nhiph\.vscode\extensions\ltex-plus.vscode-ltex-plus-15.7.1\lib\ltex-ls-plus-18.7.0\lib\language-detector-0.6.jar;c:\Users\nhiph\.vscode\extensions\ltex-plus.vscode-ltex-plus-15.7.1\lib\ltex-ls-plus-18.7.0\lib\language-el-6.8.jar;c:\Users\nhiph\.vscode\extensions\ltex-plus.vscode-ltex-plus-15.7.1\lib\ltex-ls-plus-18.7.0\lib\language-en-6.8.jar;c:\Users\nhiph\.vscode\extensions\ltex-plus.vscode-ltex-plus-15.7.1\lib\ltex-ls-plus-18.7.0\lib\language-eo-6.8.jar;c:\Users\nhiph\.vscode\extensions\ltex-plus.vscode-ltex-plus-15.7.1\lib\ltex-ls-plus-18.7.0\lib\language-es-6.8.jar;c:\Users\nhiph\.vscode\extensions\ltex-plus.vscode-ltex-plus-15.7.1\lib\ltex-ls-plus-18.7.0\lib\language-fa-6.8.jar;c:\Users\nhiph\.vscode\extensions\ltex-plus.vscode-ltex-plus-15.7.1\lib\ltex-ls-plus-18.7.0\lib\language-fr-6.8.jar;c:\Users\nhiph\.vscode\extensions\ltex-plus.vscode-ltex-plus-15.7.1\lib\ltex-ls-plus-18.7.0\lib\language-ga-6.8.jar;c:\Users\nhiph\.vscode\extensions\ltex-plus.vscode-ltex-plus-15.7.1\lib\ltex-ls-plus-18.7.0\lib\language-gl-6.8.jar;c:\Users\nhiph\.vscode\extensions\ltex-plus.vscode-ltex-plus-15.7.1\lib\ltex-ls-plus-18.7.0\lib\language-it-6.8.jar;c:\Users\nhiph\.vscode\extensions\ltex-plus.vscode-ltex-plus-15.7.1\lib\ltex-ls-plus-18.7.0\lib\language-ja-6.8.jar;c:\Users\nhiph\.vscode\extensions\ltex-plus.vscode-ltex-plus-15.7.1\lib\ltex-ls-plus-18.7.0\lib\language-km-6.8.jar;c:\Users\nhiph\.vscode\extensions\ltex-plus.vscode-ltex-plus-15.7.1\lib\ltex-ls-plus-18.7.0\lib\language-nl-6.8.jar;c:\Users\nhiph\.vscode\extensions\ltex-plus.vscode-ltex-plus-15.7.1\lib\ltex-ls-plus-18.7.0\lib\language-pl-6.8.jar;c:\Users\nhiph\.vscode\extensions\ltex-plus.vscode-ltex-plus-15.7.1\lib\ltex-ls-plus-18.7.0\lib\language-pt-6.8.jar;c:\Users\nhiph\.vscode\extensions\ltex-plus.vscode-ltex-plus-15.7.1\lib\ltex-ls-plus-18.7.0\lib\language-ro-6.8.jar;c:\Users\nhiph\.vscode\extensions\ltex-plus.vscode-ltex-plus-15.7.1\lib\ltex-ls-plus-18.7.0\lib\language-ru-6.8.jar;c:\Users\nhiph\.vscode\extensions\ltex-plus.vscode-ltex-plus-15.7.1\lib\ltex-ls-plus-18.7.0\lib\language-sk-6.8.jar;c:\Users\nhiph\.vscode\extensions\ltex-plus.vscode-ltex-plus-15.7.1\lib\ltex-ls-plus-18.7.0\lib\language-sl-6.8.jar;c:\Users\nhiph\.vscode\extensions\ltex-plus.vscode-ltex-plus-15.7.1\lib\ltex-ls-plus-18.7.0\lib\language-sv-6.8.jar;c:\Users\nhiph\.vscode\extensions\ltex-plus.vscode-ltex-plus-15.7.1\lib\ltex-ls-plus-18.7.0\lib\language-ta-6.8.jar;c:\Users\nhiph\.vscode\extensions\ltex-plus.vscode-ltex-plus-15.7.1\lib\ltex-ls-plus-18.7.0\lib\language-tl-6.8.jar;c:\Users\nhiph\.vscode\extensions\ltex-plus.vscode-ltex-plus-15.7.1\lib\ltex-ls-plus-18.7.0\lib\language-uk-6.8.jar;c:\Users\nhiph\.vscode\extensions\ltex-plus.vscode-ltex-plus-15.7.1\lib\ltex-ls-plus-18.7.0\lib\language-zh-6.8.jar;c:\Users\nhiph\.vscode\extensions\ltex-plus.vscode-ltex-plus-15.7.1\lib\ltex-ls-plus-18.7.0\lib\languagetool-core-6.8.jar;c:\Users\nhiph\.vscode\extensions\ltex-plus.vscode-ltex-plus-15.7.1\lib\ltex-ls-plus-18.7.0\lib\languagetool-ga-dicts-0.02.jar;c:\Users\nhiph\.vscode\extensions\ltex-plus.vscode-ltex-plus-15.7.1\lib\ltex-ls-plus-18.7.0\lib\LatencyUtils-2.0.3.jar;c:\Users\nhiph\.vscode\extensions\ltex-plus.vscode-ltex-plus-15.7.1\lib\ltex-ls-plus-18.7.0\lib\linguistics.grammardb.spell.languagetool-1.0.2.jar;c:\Users\nhiph\.vscode\extensions\ltex-plus.vscode-ltex-plus-15.7.1\lib\ltex-ls-plus-18.7.0\lib\listenablefuture-9999.0-empty-to-avoid-conflict-with-guava.jar;c:\Users\nhiph\.vscode\extensions\ltex-plus.vscode-ltex-plus-15.7.1\lib\ltex-ls-plus-18.7.0\lib\lspcli-2.3.0.jar;c:\Users\nhiph\.vscode\extensions\ltex-plus.vscode-ltex-plus-15.7.1\lib\ltex-ls-plus-18.7.0\lib\ltexls-plus-18.7.0.jar;c:\Users\nhiph\.vscode\extensions\ltex-plus.vscode-ltex-plus-15.7.1\lib\ltex-ls-plus-18.7.0\lib\lucene-backward-codecs-5.5.5.jar;c:\Users\nhiph\.vscode\extensions\ltex-plus.vscode-ltex-plus-15.7.1\lib\ltex-ls-plus-18.7.0\lib\lucene-core-5.5.5.jar;c:\Users\nhiph\.vscode\extensions\ltex-plus.vscode-ltex-plus-15.7.1\lib\ltex-ls-plus-18.7.0\lib\lucene-gosen-6.2.1-ipadic.jar;c:\Users\nhiph\.vscode\extensions\ltex-plus.vscode-ltex-plus-15.7.1\lib\ltex-ls-plus-18.7.0\lib\micrometer-core-1.7.12.jar;c:\Users\nhiph\.vscode\extensions\ltex-plus.vscode-ltex-plus-15.7.1\lib\ltex-ls-plus-18.7.0\lib\micrometer-registry-prometheus-1.7.12.jar;c:\Users\nhiph\.vscode\extensions\ltex-plus.vscode-ltex-plus-15.7.1\lib\ltex-ls-plus-18.7.0\lib\morfologik-crh-lt-1.0.1.jar;c:\Users\nhiph\.vscode\extensions\ltex-plus.vscode-ltex-plus-15.7.1\lib\ltex-ls-plus-18.7.0\lib\morfologik-fsa-2.1.9.jar;c:\Users\nhiph\.vscode\extensions\ltex-plus.vscode-ltex-plus-15.7.1\lib\ltex-ls-plus-18.7.0\lib\morfologik-fsa-builders-2.1.9.jar;c:\Users\nhiph\.vscode\extensions\ltex-plus.vscode-ltex-plus-15.7.1\lib\ltex-ls-plus-18.7.0\lib\morfologik-speller-2.1.9.jar;c:\Users\nhiph\.vscode\extensions\ltex-plus.vscode-ltex-plus-15.7.1\lib\ltex-ls-plus-18.7.0\lib\morfologik-stemming-2.1.9.jar;c:\Users\nhiph\.vscode\extensions\ltex-plus.vscode-ltex-plus-15.7.1\lib\ltex-ls-plus-18.7.0\lib\morfologik-ukrainian-lt-6.8.0.jar;c:\Users\nhiph\.vscode\extensions\ltex-plus.vscode-ltex-plus-15.7.1\lib\ltex-ls-plus-18.7.0\lib\morphology-el-1.0.0.jar;c:\Users\nhiph\.vscode\extensions\ltex-plus.vscode-ltex-plus-15.7.1\lib\ltex-ls-plus-18.7.0\lib\opennlp-chunk-models-1.5.jar;c:\Users\nhiph\.vscode\extensions\ltex-plus.vscode-ltex-plus-15.7.1\lib\ltex-ls-plus-18.7.0\lib\opennlp-postag-models-1.5.jar;c:\Users\nhiph\.vscode\extensions\ltex-plus.vscode-ltex-plus-15.7.1\lib\ltex-ls-plus-18.7.0\lib\opennlp-tokenize-models-1.5.jar;c:\Users\nhiph\.vscode\extensions\ltex-plus.vscode-ltex-plus-15.7.1\lib\ltex-ls-plus-18.7.0\lib\opennlp-tools-1.9.4.jar;c:\Users\nhiph\.vscode\extensions\ltex-plus.vscode-ltex-plus-15.7.1\lib\ltex-ls-plus-18.7.0\lib\openregex-1.1.1.jar;c:\Users\nhiph\.vscode\extensions\ltex-plus.vscode-ltex-plus-15.7.1\lib\ltex-ls-plus-18.7.0\lib\opentelemetry-api-1.42.1.jar;c:\Users\nhiph\.vscode\extensions\ltex-plus.vscode-ltex-plus-15.7.1\lib\ltex-ls-plus-18.7.0\lib\opentelemetry-context-1.42.1.jar;c:\Users\nhiph\.vscode\extensions\ltex-plus.vscode-ltex-plus-15.7.1\lib\ltex-ls-plus-18.7.0\lib\opentelemetry-semconv-1.30.1-alpha.jar;c:\Users\nhiph\.vscode\extensions\ltex-plus.vscode-ltex-plus-15.7.1\lib\ltex-ls-plus-18.7.0\lib\org.eclipse.lsp4j-0.24.0.jar;c:\Users\nhiph\.vscode\extensions\ltex-plus.vscode-ltex-plus-15.7.1\lib\ltex-ls-plus-18.7.0\lib\org.eclipse.lsp4j.jsonrpc-0.24.0.jar;c:\Users\nhiph\.vscode\extensions\ltex-plus.vscode-ltex-plus-15.7.1\lib\ltex-ls-plus-18.7.0\lib\perfmark-api-0.27.0.jar;c:\Users\nhiph\.vscode\extensions\ltex-plus.vscode-ltex-plus-15.7.1\lib\ltex-ls-plus-18.7.0\lib\picocli-4.7.7.jar;c:\Users\nhiph\.vscode\extensions\ltex-plus.vscode-ltex-plus-15.7.1\lib\ltex-ls-plus-18.7.0\lib\portuguese-pos-dict-1.2.0.jar;c:\Users\nhiph\.vscode\extensions\ltex-plus.vscode-ltex-plus-15.7.1\lib\ltex-ls-plus-18.7.0\lib\proto-google-common-protos-2.59.2.jar;c:\Users\nhiph\.vscode\extensions\ltex-plus.vscode-ltex-plus-15.7.1\lib\ltex-ls-plus-18.7.0\lib\protobuf-java-3.25.8.jar;c:\Users\nhiph\.vscode\extensions\ltex-plus.vscode-ltex-plus-15.7.1\lib\ltex-ls-plus-18.7.0\lib\resilience4j-circuitbreaker-1.7.1.jar;c:\Users\nhiph\.vscode\extensions\ltex-plus.vscode-ltex-plus-15.7.1\lib\ltex-ls-plus-18.7.0\lib\resilience4j-core-1.7.1.jar;c:\Users\nhiph\.vscode\extensions\ltex-plus.vscode-ltex-plus-15.7.1\lib\ltex-ls-plus-18.7.0\lib\resilience4j-micrometer-1.7.1.jar;c:\Users\nhiph\.vscode\extensions\ltex-plus.vscode-ltex-plus-15.7.1\lib\ltex-ls-plus-18.7.0\lib\segment-2.0.3.jar;c:\Users\nhiph\.vscode\extensions\ltex-plus.vscode-ltex-plus-15.7.1\lib\ltex-ls-plus-18.7.0\lib\simpleclient-0.16.0.jar;c:\Users\nhiph\.vscode\extensions\ltex-plus.vscode-ltex-plus-15.7.1\lib\ltex-ls-plus-18.7.0\lib\simpleclient_common-0.10.0.jar;c:\Users\nhiph\.vscode\extensions\ltex-plus.vscode-ltex-plus-15.7.1\lib\ltex-ls-plus-18.7.0\lib\simpleclient_guava-0.16.0.jar;c:\Users\nhiph\.vscode\extensions\ltex-plus.vscode-ltex-plus-15.7.1\lib\ltex-ls-plus-18.7.0\lib\simpleclient_tracer_common-0.16.0.jar;c:\Users\nhiph\.vscode\extensions\ltex-plus.vscode-ltex-plus-15.7.1\lib\ltex-ls-plus-18.7.0\lib\simpleclient_tracer_otel-0.16.0.jar;c:\Users\nhiph\.vscode\extensions\ltex-plus.vscode-ltex-plus-15.7.1\lib\ltex-ls-plus-18.7.0\lib\simpleclient_tracer_otel_agent-0.16.0.jar;c:\Users\nhiph\.vscode\extensions\ltex-plus.vscode-ltex-plus-15.7.1\lib\ltex-ls-plus-18.7.0\lib\slf4j-api-2.0.16.jar;c:\Users\nhiph\.vscode\extensions\ltex-plus.vscode-ltex-plus-15.7.1\lib\ltex-ls-plus-18.7.0\lib\slf4j-nop-2.0.18.jar;c:\Users\nhiph\.vscode\extensions\ltex-plus.vscode-ltex-plus-15.7.1\lib\ltex-ls-plus-18.7.0\lib\spanish-pos-dict-2.5.jar;c:\Users\nhiph\.vscode\extensions\ltex-plus.vscode-ltex-plus-15.7.1\lib\ltex-ls-plus-18.7.0\lib\stax2-api-4.3.0.jar;c:\Users\nhiph\.vscode\extensions\ltex-plus.vscode-ltex-plus-15.7.1\lib\ltex-ls-plus-18.7.0\lib\txw2-4.0.5.jar;c:\Users\nhiph\.vscode\extensions\ltex-plus.vscode-ltex-plus-15.7.1\lib\ltex-ls-plus-18.7.0\lib\unit-api-1.0.jar;c:\Users\nhiph\.vscode\extensions\ltex-plus.vscode-ltex-plus-15.7.1\lib\ltex-ls-plus-18.7.0\lib\uom-lib-common-1.1.jar;c:\Users\nhiph\.vscode\extensions\ltex-plus.vscode-ltex-plus-15.7.1\lib\ltex-ls-plus-18.7.0\lib\vavr-0.10.2.jar;c:\Users\nhiph\.vscode\extensions\ltex-plus.vscode-ltex-plus-15.7.1\lib\ltex-ls-plus-18.7.0\lib\vavr-match-0.10.2.jar;c:\Users\nhiph\.vscode\extensions\ltex-plus.vscode-ltex-plus-15.7.1\lib\ltex-ls-plus-18.7.0\lib\woodstox-core-7.2.0.jar
Launcher Type: SUN_STANDARD

[Global flags]
     intx CICompilerCount                          = 4                                         {product} {ergonomic}
     uint ConcGCThreads                            = 2                                         {product} {ergonomic}
     uint G1ConcRefinementThreads                  = 8                                         {product} {ergonomic}
   size_t G1HeapRegionSize                         = 1048576                                   {product} {ergonomic}
    uintx GCDrainStackTargetSize                   = 64                                        {product} {ergonomic}
   size_t InitialHeapSize                          = 67108864                                  {product} {command line}
   size_t MarkStackSize                            = 4194304                                   {product} {ergonomic}
   size_t MaxHeapSize                              = 2147483648                                {product} {command line}
   size_t MaxNewSize                               = 1287651328                                {product} {ergonomic}
   size_t MinHeapDeltaBytes                        = 1048576                                   {product} {ergonomic}
   size_t MinHeapSize                              = 67108864                                  {product} {command line}
    uintx NonNMethodCodeHeapSize                   = 5839372                                {pd product} {ergonomic}
    uintx NonProfiledCodeHeapSize                  = 122909434                              {pd product} {ergonomic}
     bool PerfDisableSharedMem                     = true                                      {product} {ergonomic}
    uintx ProfiledCodeHeapSize                     = 122909434                              {pd product} {ergonomic}
    uintx ReservedCodeCacheSize                    = 251658240                              {pd product} {ergonomic}
     bool SegmentedCodeCache                       = true                                      {product} {ergonomic}
   size_t SoftMaxHeapSize                          = 2147483648                             {manageable} {ergonomic}
     bool UseCompressedOops                        = true                           {product lp64_product} {ergonomic}
     bool UseG1GC                                  = true                                      {product} {ergonomic}
     bool UseLargePagesIndividualAllocation        = false                                  {pd product} {ergonomic}

Logging:
Log output configuration:
 #0: stdout all=warning uptime,level,tags foldmultilines=false
 #1: stderr all=off uptime,level,tags foldmultilines=false

Release file:
JAVA_VERSION="21.0.10"
MODULES="java.base java.compiler java.datatransfer java.xml java.prefs java.desktop java.instrument java.logging java.management java.security.sasl java.naming java.rmi java.management.rmi java.net.http java.scripting java.security.jgss java.transaction.xa java.sql java.sql.rowset java.xml.crypto java.se java.smartcardio jdk.accessibility jdk.charsets jdk.crypto.ec jdk.crypto.cryptoki jdk.dynalink jdk.httpserver jdk.incubator.vector jdk.internal.vm.ci jdk.internal.vm.compiler jdk.internal.vm.compiler.management jdk.jdwp.agent jdk.jfr jdk.jsobject jdk.localedata jdk.management jdk.management.agent jdk.naming.dns jdk.naming.rmi jdk.net jdk.nio.mapmode jdk.sctp jdk.security.auth jdk.security.jgss jdk.unsupported jdk.xml.dom jdk.zipfs"

Environment Variables:
JAVA_HOME=c:\Users\nhiph\.vscode\extensions\ltex-plus.vscode-ltex-plus-15.7.1\lib\ltex-ls-plus-18.7.0\jdk-21.0.10+7
CLASSPATH="c:\Users\nhiph\.vscode\extensions\ltex-plus.vscode-ltex-plus-15.7.1\lib\ltex-ls-plus-18.7.0"\etc;"c:\Users\nhiph\.vscode\extensions\ltex-plus.vscode-ltex-plus-15.7.1\lib\ltex-ls-plus-18.7.0\lib"\*
JAVA_OPTS=-Xms64m -Xmx2048m
PATH=C:\Users\nhiph\AppData\Local\Programs\Microsoft VS Code;C:\WINDOWS\system32;C:\WINDOWS;C:\WINDOWS\System32\Wbem;C:\WINDOWS\System32\WindowsPowerShell\v1.0\;C:\WINDOWS\System32\OpenSSH\;D:\MATLAB2025\runtime\win64;D:\MATLAB2025\bin;D:\APP\AOMEI\AOMEI Backupper\8.0.0;C:\Program Files\Microsoft SQL Server\170\Tools\Binn\;C:\Program Files\Microsoft SQL Server\Client SDK\ODBC\170\Tools\Binn\;C:\Program Files\Git\cmd;C:\Program Files (x86)\Windows Kits\10\Windows Performance Toolkit\;C:\Program Files\dotnet\;C:\Users\nhiph\AppData\Local\Programs\Python\Python39\Scripts\;C:\Users\nhiph\AppData\Local\Programs\Python\Python39\;C:\Users\nhiph\AppData\Local\Microsoft\WindowsApps;C:\Users\nhiph\AppData\Local\Programs\Microsoft VS Code\bin;C:\mingw64\bin;C:\Users\nhiph\.dotnet\tools;C:\GENIE2K\EXEFILES
USERNAME=Nhi Ph?m
OS=Windows_NT
PROCESSOR_IDENTIFIER=Intel64 Family 6 Model 154 Stepping 4, GenuineIntel
TMP=C:\Users\nhiph\AppData\Local\Temp
TEMP=C:\Users\nhiph\AppData\Local\Temp




Periodic native trim disabled

---------------  S Y S T E M  ---------------

OS:
 Windows 11 , 64 bit Build 26100 (10.0.26100.8737)
OS uptime: 4 days 14:15 hours

CPU: total 8 (initial active 8) (8 cores per cpu, 1 threads per core) family 6 model 154 stepping 4 microcode 0x424, cx8, cmov, fxsr, mmx, 3dnowpref, sse, sse2, sse3, ssse3, sse4.1, sse4.2, popcnt, lzcnt, tsc, tscinvbit, avx, avx2, aes, erms, clmul, bmi1, bmi2, adx, sha, fma, vzeroupper, clflush, clflushopt, clwb, serialize, rdtscp, rdpid, fsrm, f16c, pku, cet_ibt, cet_ss
Processor Information for the first 8 processors :
  Max Mhz: 1200, Current Mhz: 1200, Mhz Limit: 1200

Memory: 4k page, system-wide physical 7886M (472M free)
TotalPageFile size 13836M (AvailPageFile size 92M)
current process WorkingSet (physical memory assigned to process): 412M, peak: 412M
current process commit charge ("private bytes"): 447M, peak: 584M

vm_info: OpenJDK 64-Bit Server VM (21.0.10+7-LTS) for windows-amd64 JRE (21.0.10+7-LTS), built on 2026-01-20T00:00:00Z by "admin" with MS VC++ 17.12 (VS2022)

END.
